,2020,2021,2022,2023,2024,2025,2026,2027,2028,2029,2030,2031,2032,2033,2034,2035,2036,2037,2038,2039,2040,2041,2042,2043,2044,2045,2046,2047,2048,2049,2050
ALB,83.73631651008344,85.65981030284924,86.4767958858142,87.1982938416714,90.37439203409653,91.2876693540394,92.10465493700217,92.8261528928568,96.0022510852844,96.91552840522192,97.73251398819701,98.45401194405603,101.6301101364759,102.54338745642454,103.36037303938315,104.08187099524179,107.25796918766372,108.17124650760897,108.98823209056059,109.70973004642183,112.88582823884768,113.79910555878617,114.61609114175126,115.33758909760726,118.51368729003433,119.42696460997558,120.24395019293445,120.96544814879289,124.14154634121928,125.05482366116408,125.87180924412887
ARE,1.89352238938485,1.89352238938485,1.89352238938485,1.89352238938485,1.89352238938485,1.89352238938485,1.89352238938485,1.89352238938485,1.89352238938485,1.89352238938485,1.89352238938485,1.89352238938485,1.89352238938485,1.89352238938485,1.89352238938485,1.89352238938485,1.89352238938485,1.89352238938485,1.89352238938485,1.89352238938485,1.89352238938485,1.89352238938485,1.89352238938485,1.89352238938485,1.89352238938485,1.89352238938485,1.89352238938485,1.89352238938485,1.89352238938485,1.89352238938485,1.89352238938485
AUS,3.3806643518343886,3.8584754279670967,4.064006826468242,4.246581676243077,2.697799573560296,2.9257652902699114,3.13129668877305,3.313871538548751,1.765089435864283,1.9930551525785987,2.1985865510720046,2.381161400847411,0.8323792981646072,1.060345014870478,1.2658764133780522,1.4484512631526627,-0.10033083953112154,0.12763487717764477,0.33316627568978063,0.5157411254613784,-1.0330409772226012,-0.80507526050922,-0.5995438620080158,-0.41696901223220095,-1.965751114916987,-1.7377853982062383,-1.5322539997013855,-1.3496791499271659,-2.898461252609952,-2.670495535902372,-2.4649641374007025
AZE,6.655185389455585,6.803156140668184,6.876345478269828,6.949058000449576,7.168965576165396,7.242671957179489,7.3158612947809685,7.388573816960663,7.608481392676637,7.682187773690344,7.755377111292667,7.828089633472366,8.047997209188145,8.121703590202559,8.194892927803698,8.2676054499835,8.48751302569935,8.561219406713532,8.634408744314246,8.707121266494301,8.927028842210227,9.000735223224023,9.073924560825645,9.146637083005281,9.366544658721327,9.440251039735339,9.51344037733669,9.586152899516449,9.806060475232337,9.879766856246576,9.952956193848177
BDI,179.11953752326278,185.41421840637804,189.10848236281458,193.16389944582141,190.64620428965915,193.9765522175634,197.67081617400513,201.72623325702412,199.20853810085706,202.53888602877242,206.23314998518654,210.2885670681821,207.7708719120444,211.1012198399315,214.79548379638203,218.8509008793856,216.33320572324,219.66355365113503,223.35781760760227,227.4132346906027,224.89553953444198,228.22588746235738,231.9201514187916,235.97556850179922,233.45787334563892,236.78822127354914,240.48248523000638,244.53790231300513,242.02020715684407,245.35055508474179,249.04481904117756
BGD,31.188883194041352,31.13880358609694,31.115635621957,31.09986292647634,31.163494761082752,31.137536005216887,31.114368041074922,31.098595345563158,31.162227180145603,31.136268424304408,31.113100460128916,31.097327764679342,31.160959599230576,31.135000843383857,31.111832879248105,31.09606018375619,31.15969201831867,31.133733262476163,31.1105652983589,31.09479260284785,31.15842443742727,31.132465681563847,31.109297717436153,31.093525021969818,31.15715685652748,31.131198100650792,31.108030136480423,31.092257441033823,31.155889275583583,31.129930519747557,31.106762555610477
BHR,32.77305389203321,34.18849590771318,34.93867641071839,35.71672224657539,35.60383776017968,36.32580943282057,37.07598993582659,37.85403577168485,37.74115128528847,38.46312295793111,39.213303460933005,39.991349296789075,39.87846481039563,40.60043648303427,41.350616986041864,42.12866282189855,42.0157783355042,42.73775000814406,43.487930511153934,44.26597634700983,44.15309186061409,44.87506353325661,45.62524403626162,46.40328987211886,46.29040538572301,47.012377058364635,47.76255756137237,48.540603397228516,48.427718910833,49.14969058347286,49.89987108647809
BHS,48.104373205422085,50.86123033220987,52.34235112447683,53.89134237662282,54.37945551610126,55.79223062013445,57.27335141240216,58.82234266455036,59.310455804028095,60.723230908062895,62.20435170032647,63.75334295247018,64.24145609195327,65.6542311959836,67.13535198825257,68.68434324039796,69.17245637987962,70.58523148391116,72.06635227618277,73.6153435283279,74.10345666780678,75.51623177184169,76.99735256410818,78.54634381625414,79.03445695573329,80.44723205976747,81.92835285203799,83.47734410418242,83.96545724366119,85.37823234769328,86.85935313996004
BIH,54.32995054248259,55.93713430072893,56.87437396711601,57.90014229858773,57.72348894538373,58.571729450373795,59.508969116761584,60.53473744823551,60.35808409503018,61.20632460002243,62.14356426640519,63.16933259787453,62.99267924467533,63.8409197496625,64.77815941605165,65.80392774752244,65.62727439432166,66.47551489931024,67.41275456570273,68.43852289717304,68.26186954396917,69.11011004896119,70.04734971534788,71.07311804681967,70.89646469361584,71.74470519860688,72.68194486499763,73.70771319646802,73.53105984326328,74.37930034825283,75.31654001463966
BLR,24.26677073134367,21.58922616027843,19.212907209289597,16.150331088177992,23.243202233637337,21.557520145975953,19.18120119497956,16.118625073847785,23.211496219314153,21.525814131637592,19.149495180681942,16.08691905959085,23.17979020500594,21.494108117372214,19.117789166364624,16.055213045259293,23.14808419068727,21.462402103042074,19.086083152008243,16.02350703090581,23.116378176361113,21.43069608868387,19.05437713769881,15.991801016586404,23.084672162041233,21.398990074370804,19.022671123348847,15.960095002250466,23.052966147708194,21.36728406005692,18.990965109069776
BLZ,86.8210964265729,90.47834858212678,92.80076358937687,95.44999649004754,93.83128455724489,95.82495580466944,98.1473708119224,100.79660371260248,99.17789177979708,101.17156302722739,103.49397803446422,106.14321093512497,104.52449900234323,106.51817024975584,108.84058525701292,111.48981815768084,109.87110622489321,111.86477747231042,114.1871924795784,116.83642538024586,115.21771344744543,117.21138469487644,119.5337997021246,122.18303260279536,120.56432066999561,122.55799191742419,124.8804069246889,127.52963982535331,125.9109278925516,127.90459913997199,130.22701414722118
BOL,70.57524322103735,70.65874938418023,70.50098780366312,70.21133041716972,72.55847772098733,72.53350010059214,72.37573852007277,72.08608113357626,74.43322843739654,74.40825081699595,74.25048923648947,73.96083184999864,76.30797915380933,76.28300153342046,76.12523995289718,75.83558256640552,78.18272987021858,78.15775224982627,77.99999066929533,77.7103332828061,80.05748058662424,80.03250296622457,79.87474138570765,79.58508399921297,81.93223130303244,81.90725368263546,81.74949210211156,81.45983471561962,83.80698201943879,83.78200439904549,83.62424281852834
BRA,69.60121896192616,71.42159169727049,72.5236957925721,73.75220357843222,72.31859114678282,73.29307382552355,74.39517792082735,75.6236857066929,74.19007327504208,75.16455595378693,76.26666004908027,77.4951678349353,76.0615554032964,77.03603808202982,78.13814217733737,79.36664996319656,77.93303753155416,78.90752021029088,80.00962430560469,81.2381320914628,79.80451965981456,80.77900233855988,81.88110643386028,83.10961421972026,81.67600178807277,82.65048446681614,83.75258856212679,84.98109634798276,83.5474839163353,84.52196659507261,85.62407069037396
BRB,153.6097094576159,164.09456370523554,169.1232500012325,174.0108653978336,182.47676142998722,187.6476422792846,192.67632857527835,197.5639439718761,206.02984000403353,211.2007208533229,216.22940714933492,221.11702254593843,229.58291857808484,234.75379942739045,239.78248572337816,244.6701011199816,253.1359971521308,258.30687800143147,263.3355642974088,268.2231796940162,276.68907572617104,281.85995657546204,286.888642871459,291.7762582680583,300.2421543002152,305.4130351495104,310.44172144549873,315.3293368421014,323.79523287425735,328.9661137235572,333.99480001955385
BTN,102.32385892929545,111.49455753718237,117.70229739874746,124.98296520131447,116.0613249357433,121.18916120812769,127.39690106970485,134.67756887230405,125.75592860672137,130.88376487913064,137.09150474064253,144.3721725431773,135.45053227767565,140.5783685500162,146.78610841161182,154.06677621416915,145.1451359486466,150.27297222100603,156.48071208264327,163.76137988519582,154.8397396196306,159.96757589204063,166.17531575359968,173.45598355616804,164.5343432906038,169.6621795630027,175.86991942462072,183.15058722716685,174.2289469615981,179.3567832339666,185.56452309552907
BWA,13.345103377514173,13.331645932543951,13.300749123324682,13.253902790831052,13.575372462139214,13.560553192692574,13.529656383472968,13.482810050978902,13.804279722287387,13.78946045284001,13.758563643622198,13.711717311128908,14.033186982436131,14.0183677129904,13.987470903770209,13.940624571276798,14.262094242584343,14.24727497313813,14.216378163916902,14.169531831423834,14.491001502732047,14.476182233284774,14.445285424065537,14.398439091571735,14.71990876288012,14.705089493433224,14.674192684212988,14.62734635171959,14.948816023027863,14.933996753581559,14.90309994436227
CHE,24.18007470283438,24.418989539364624,24.528790862069194,24.632368851630844,25.25241451321816,25.368601610904328,25.478402933608347,25.581980923169617,26.202026584757412,26.318213682442348,26.428015005149128,26.531592994710852,27.15163865629762,27.267825753984987,27.377627076687908,27.481205066249743,28.10125072783685,28.217437825523433,28.327239148224933,28.4308171377875,29.05086279937506,29.167049897060217,29.27685121976478,29.38042920932613,30.000474870913976,30.11666196859981,30.226463291303194,30.330041280865053,30.950086942452455,31.066274040139177,31.17607536284364
CIV,171.065442627283,171.065442627283,171.065442627283,171.065442627283,171.065442627283,171.065442627283,171.065442627283,171.065442627283,171.065442627283,171.065442627283,171.065442627283,171.065442627283,171.065442627283,171.065442627283,171.065442627283,171.065442627283,171.065442627283,171.065442627283,171.065442627283,171.065442627283,171.065442627283,171.065442627283,171.065442627283,171.065442627283,171.065442627283,171.065442627283,171.065442627283,171.065442627283,171.065442627283,171.065442627283,171.065442627283
COD,124.57268923872252,116.82781002564076,111.7752935615755,105.94020603091897,107.68275836569924,103.41623634296502,98.36371987889513,92.52863234822084,94.27118468300569,90.0046626602637,84.95214619622132,79.11705866558503,80.85961100032068,76.59308897760883,71.54057251353521,65.70548498288542,67.44803731763193,63.18151529491303,58.12899883081843,52.29391130016762,54.036463634942606,49.76994161219892,44.71742514813678,38.882337617479095,40.62488995225482,36.35836792951375,31.305851465421995,25.470763934775732,27.21331626955663,22.9467942468288,17.894277782765982
COG,38.30733660209903,37.12673659496986,36.701268709078576,36.38516373511942,35.633348807527,35.09806996040708,34.67260207451561,34.356497100559835,33.604682172967735,33.06940332584681,32.643935439956316,32.32783046599282,31.576015538408022,31.040736691286163,30.61526880539358,30.299163831434022,29.547348903847467,29.012070056725513,28.586602170833427,28.270497196875738,27.51868226928517,26.983403422165452,26.55793553627312,26.241830562312813,25.490015634723804,24.954736787604887,24.529268901717103,24.21316392775526,23.461349000164297,22.926070153043753,22.500602267151756
COL,61.45827887531361,62.808869640627634,63.55225575068173,64.3418236959906,67.1597059008844,67.85748269464341,68.60086880469504,69.3904367500033,72.20831895489914,72.90609574865236,73.64948185871583,74.43904980402338,77.25693200891834,77.95470880268158,78.6980949127277,79.48766285803674,82.30554506293261,83.00332185669234,83.74670796673307,84.53627591204601,87.35415811694148,88.05193491069596,88.79532102074982,89.5848889660574,92.40277117095403,93.1005479647118,93.84393407476185,94.63350202007116,97.45138422496504,98.14916101872646,98.8925471287798
CRI,41.457595252510295,40.75635977876454,40.022087157750754,39.03432657376132,42.501522366430166,42.022557996789025,41.288285375771686,40.30052479177448,43.76772058444656,43.28875621479803,42.554483593799716,41.566723009817565,45.033918802469884,44.55495443284052,43.820681811817366,42.83292122783042,46.30011702048787,45.821152650853136,45.08688002981823,44.099119445833594,47.56631523850146,47.087350868852994,46.35307824784056,45.36531766385028,48.832513456518484,48.35354908687358,47.61927646584613,46.63151588186166,50.09871167453007,49.61974730489345,48.885474683880076
CYP,91.8592035937742,93.15986365450794,94.20065731572448,95.49799725608601,92.36288305955833,93.14418751163345,94.18498117285377,95.48232111323102,92.34720691670552,93.12851136878223,94.16930502999226,95.46664497033836,92.33153077384077,93.1128352258999,94.15362888712447,95.45096882748629,92.31585463098048,93.09715908304393,94.13795274427548,95.4352926846399,92.30017848811971,93.08148294020162,94.12227660141369,95.41961654177207,92.2845023452575,93.06580679733909,94.10660045857696,95.40394039892487,92.26882620241088,93.05013065447488,94.09092431569023
CZE,14.07342578911387,14.302762964195932,14.491884548447894,14.730057034076435,14.148645300908013,14.288254626475341,14.477376210727932,14.715548696358836,14.134136963190366,14.273746288758435,14.462867873008538,14.701040358634778,14.119628625470954,14.259237951035676,14.44835953528914,14.68653202091754,14.105120287752412,14.244729613317995,14.433851197573102,14.67202368320164,14.090611950034114,14.230221275602736,14.419342859854071,14.65751534548231,14.076103612315425,14.215712937883746,14.404834522139089,14.643007007765735,14.061595274598803,14.20120460016463,14.39032618441639
DEU,20.902955112533213,20.54405145887649,20.36248318860746,20.179760819074055,20.661846359779418,20.48162344621913,20.30005517594934,20.117332806415636,20.59941834712163,20.41919543355964,20.237627163293624,20.054904793760038,20.536990334465127,20.35676742090634,20.175199150635017,19.99247678110182,20.474562321807255,20.29433940824741,20.112771137974214,19.930048768442123,20.412134309147913,20.231911395586287,20.050343125317184,19.86762075578329,20.349706296489575,20.169483382928895,19.9879151126585,19.8051927431252,20.28727828383073,20.107055370271176,19.92548710000196
DNK,75.82760339370397,76.91586106809811,77.85376681423864,79.05210259030213,76.51487274783389,77.19066243438897,78.12856818053211,79.32690395660363,76.78967411413292,77.46546380069336,78.40336954682232,79.60170532287738,77.0644754804264,77.7402651669713,78.67817091311844,79.87650668917968,77.33927684672364,78.01506653327259,78.95297227942912,80.15130805548982,77.61407821302333,78.2898678995843,79.22777364572319,80.4261094217864,77.88887957932084,78.5646692658795,79.50257501203282,80.7009107880907,78.16368094562355,78.83947063217482,79.77737637831467
DOM,15.732936839378135,15.773557887890158,15.828047565816544,15.904964755034625,15.336052131609557,15.367833477726737,15.422323155653674,15.49924034487293,14.930327721447462,14.962109067565805,15.016598745490029,15.093515934707117,14.524603311284121,14.556384657399622,14.610874335327626,14.687791524545528,14.118878901121766,14.150660247238102,14.205149925167628,14.282067114385129,13.71315449096021,13.744935837078579,13.799425515004708,13.87634270422279,13.307430080798028,13.339211426915822,13.393701104844272,13.470618294061447,12.901705670636808,12.933487016753173,12.987976694679524
EGY,85.7885338345865,85.7885338345865,85.7885338345865,85.7885338345865,85.7885338345865,85.7885338345865,85.7885338345865,85.7885338345865,85.7885338345865,85.7885338345865,85.7885338345865,85.7885338345865,85.7885338345865,85.7885338345865,85.7885338345865,85.7885338345865,85.7885338345865,85.7885338345865,85.7885338345865,85.7885338345865,85.7885338345865,85.7885338345865,85.7885338345865,85.7885338345865,85.7885338345865,85.7885338345865,85.7885338345865,85.7885338345865,85.7885338345865,85.7885338345865,85.7885338345865
ESP,-443.23208731863974,-511.99861825913854,-551.064890014,-593.2331264506938,-594.0793640851568,-630.0274021256687,-669.093673880561,-711.2619103173263,-712.1081479517561,-748.0561859923323,-787.1224577470473,-829.2906941836668,-830.1369318183024,-866.0849698587044,-905.1512416136386,-947.3194780503006,-948.1657156848889,-984.1137537253364,-1023.1800254803877,-1065.348261917033,-1066.1944995515055,-1102.142537592079,-1141.2088093469304,-1183.377045783637,-1184.223283418098,-1220.1713214586416,-1259.2375932136276,-1301.4058296502826,-1302.2520672847327,-1338.2001053252113,-1377.2663770800668
ETH,14.510018549969814,8.500846102106635,4.612237277055186,0.14054083335477685,8.733177445806263,5.432603226433812,1.5439944013710658,-2.9277020423482867,5.664934570113999,2.3643603507166375,-1.5242484742860825,-5.995944917970576,2.5966916944426544,-0.7038825248969118,-4.592491349979781,-9.064187793673511,-0.47155118124686624,-3.772125400603457,-7.660734225721328,-12.132430669404997,-3.539794056953383,-6.840368276348542,-10.728977101397348,-15.200673545101722,-6.608036932647309,-9.908611152030062,-13.797219977118644,-18.268916420807372,-9.676279808355133,-12.976854027714921,-16.865462852766143
FIN,67.60290740644761,69.95043034008005,71.28096666331653,72.71553842992252,73.40893646594259,74.6350311749794,75.96556749821616,77.4001392648246,78.09353730084435,79.31963200988147,80.65016833311631,82.08474009971924,82.77813813574541,84.00423284477986,85.33476916801648,86.76934093462172,87.46273897064646,88.68883367968138,90.01937000291989,91.45394176952587,92.14733980554692,93.37343451458449,94.7039708378204,96.13854260442615,96.8319406404476,98.05803534948525,99.3885716727249,100.8231434393293,101.51654147534956,102.74263618438577,104.07317250762185
FJI,36.5340021594402,35.901308494015545,35.42586272394998,34.8449040107627,36.29327967620455,35.92380465483956,35.4483588847724,34.8674001715842,36.31577583702935,35.946300815658965,35.470855045603365,34.889896332416605,36.33827199785573,35.96879697649465,35.4933512064242,34.91239249323885,36.360768158679285,35.991293137315374,35.51584736723809,34.93488865405549,36.383264319499084,36.01378929813053,35.53834352806453,34.95738481487557,36.405760480321234,36.036285458955405,35.560839688886105,34.979880975698244,36.42825664114421,36.05878161977912,35.58333584971343
FSM,25.85735816686146,26.1418656468048,26.343126909470946,26.582673417084244,25.831898311419216,25.994065124387685,26.19532638705484,26.434872894672527,25.684097789008852,25.84626460197699,26.047525864642836,26.287072372251963,25.53629726659483,25.698464079559123,25.89972534222731,26.139271849841222,25.388496744181953,25.550663557147168,25.75192481981618,25.991471327431107,25.24069622176855,25.4028630347386,25.604124297403356,25.843670805015453,25.092895699354948,25.255062512325225,25.456323774997077,25.69587028260618,24.94509517694641,25.1072619899112,25.30852325257706
GBR,122.10502016718084,130.78571734844328,134.97264152403162,139.05839109705127,145.0981342191555,149.3871061964076,153.57403037199427,157.65977994501003,163.69952306711517,167.98849504436453,172.1754192199589,176.26116879298206,182.30091191507847,186.58988389233608,190.77680806792014,194.86255764094065,200.90230076303934,205.19127274029464,209.378196915874,213.46394648889526,219.50368961099855,223.7926615882475,227.97958576383658,232.0653353368561,238.10507845895924,242.39405043620957,246.58097461179142,250.6667241848138,256.7064673069166,260.9954392841714,265.18236345975987
GEO,41.06220882211399,40.38929113523277,39.84512935798459,39.1634900502187,40.49868184954228,40.09279712616173,39.548635348912,38.86699604114261,40.20218784046781,39.796303117083994,39.25214133984292,38.57050203208051,39.905693831396064,39.499809108020855,38.95564733076883,38.27400802300436,39.609199822322225,39.20331509894469,38.659153321687114,37.977514013923546,39.312705813246694,38.90682108986303,38.36265931261532,37.6810200048489,39.016211804172485,38.61032708079033,38.06616530353604,37.38452599577215,38.719717795096116,38.3138330717173,37.76967129446936
GTM,20.011897037662557,19.760395870818034,19.639488268506778,19.521851117941456,19.620444999963464,19.496294638140977,19.375387035829412,19.25774988526429,19.356343767286603,19.232193405463406,19.111285803153386,18.993648652587652,19.09224253461009,18.968092172788005,18.847184570475857,18.729547419910656,18.828141301933066,18.703990940110593,18.5830833377977,18.465446187233056,18.564040069255395,18.439889707432464,18.318982105121044,18.20134495455539,18.29993883657814,18.175788474755603,18.054880872444148,17.937243721878563,18.03583760390092,17.911687242078575,17.790779639767187
HUN,94.48730556559512,96.50416623809178,97.4066272166915,98.23895748024648,100.57912355914314,101.55212622858895,102.4545872071873,103.28691747074129,105.62708354963978,106.60008621908209,107.50254719768861,108.33487746124423,110.67504354013818,111.64804620958735,112.55050718818329,113.38283745173948,115.72300353063443,116.69600620008154,117.59846717867273,118.43079744223078,120.77096352112824,121.74396619057148,122.64642716917102,123.47875743272485,125.8189235116237,126.79192618106875,127.69438715966525,128.5267174232203,130.86688350211875,131.8398861715653,132.74234715016487
IDN,28.562324337370214,26.340631773674552,25.366752431507535,24.484935861256172,26.04913461263987,24.983711830254943,24.009832488084648,23.128015917834187,24.69221466922077,23.626791886827935,22.652912544673658,21.77109597441871,23.335294725806964,22.269871943426725,21.295992601249008,20.414176030997904,21.978374782386613,20.91295200000179,19.939072657817025,19.057256087571847,20.621454838958616,19.556032056568014,18.582152714400156,17.700336144146377,19.264534895535657,18.19911211314965,17.225232770979105,16.343416200726807,17.9076149521118,16.84219216972951,15.868312827561233
IND,52.255442859654266,52.41010332344826,52.71107793716864,53.16013694348144,51.94381772988402,52.095879500681576,52.396854114402906,52.84591312072017,51.629593907121745,51.781655677921194,52.08263029163706,52.531689297944965,51.3153700843572,51.46743185515004,51.7684064688726,52.21746547518431,51.00114626159384,51.15320803238828,51.454182646114816,51.90324165242696,50.68692243883087,50.838984209630866,51.13995882335023,51.58901782966259,50.372698616067375,50.52476038686665,50.82573500059343,51.27479400690308,50.05847479330642,50.210536564102355,50.51151117782217
IRL,74.34858738723852,75.62670214249263,76.5221812622571,77.58732770679055,76.42212147597962,77.1468936260264,78.04237274579228,79.10751919033095,77.94231295951855,78.66708510956829,79.56256422932614,80.62771067385404,79.46250444305431,80.1872765930949,81.08275571286296,82.147902157395,80.98269592659202,81.70746807663502,82.60294719640856,83.66809364094057,82.502887410131,83.22765956018114,84.12313867994447,85.18828512447763,84.02307889366871,84.7478510437177,85.64333016349005,86.70847660801991,85.54327037720975,86.26804252725431,87.16352164701823
IRQ,29.27904457616458,29.911725516421804,30.318698660798603,30.78575218250667,30.187057052394984,30.5336648043511,30.940637948728607,31.40769147043757,30.808996340324192,31.155604092282996,31.56257723665489,32.02963075836215,31.430935628252527,31.77754338020656,32.18451652458573,32.651570046292846,32.0528749161823,32.39948266813776,32.806455812520326,33.273509334226276,32.67481420411387,33.021421956071876,33.42839510044872,33.89544862215736,33.2967534920443,33.64336124400097,34.05033438838008,34.517387910088004,33.91869277997442,34.26530053193058,34.67227367630734
ISL,77.30555696936042,81.53010561453097,84.26792143350671,87.41903993247837,83.28052340678802,85.60205946960384,88.3398752885853,91.49099378756978,87.35247726187389,89.67401332470213,92.4118291436524,95.56294764261206,91.42443111694845,93.74596717974532,96.4837829987364,99.63490149770396,95.49638497203202,97.8179210348376,100.55573685384778,103.70685535281166,99.5683388271228,101.88987488995068,104.62769070892413,107.77880920789708,103.64029268220793,105.9618287450299,108.69964456402813,111.85076306299155,107.71224653730165,110.03378260011029,112.77159841908545
ISR,91.44718688521473,91.35232011210068,91.27325914432949,91.17735922750892,91.4232597579227,91.36422029280052,91.28515932502758,91.18925940818593,91.43515993858367,91.37612047347773,91.29705950568379,91.20115958888431,91.44706011925992,91.38802065415153,91.30895968638252,91.2130597695547,91.45896029993804,91.39992083483217,91.3208598670746,91.22495995023422,91.47086048062978,91.41182101550893,91.33276004774585,91.2368601309345,91.48276066131604,91.42372119618645,91.34466022839412,91.2487603115964,91.49466084197219,91.43562137687049,91.35656040910115
ITA,77.64129950787695,78.77682046971466,79.6691466646307,80.77710932371293,78.11033214299023,78.78636491801117,79.6786911129297,80.78665377201266,78.11987659128216,78.79590936631456,79.68823556121053,80.79619822029224,78.12942103957275,78.80545381458779,79.69778000951254,80.80574266859043,78.13896548786855,78.81499826288899,79.70732445782721,80.81528711689947,78.14850993617226,78.82454271120011,79.71686890611727,80.82483156520267,78.15805438447138,78.83408715949346,79.72641335441539,80.8343760134997,78.16759883276609,78.84363160778936,79.73595780270558
JAM,116.25719145074399,108.19972117462964,101.93410797703328,94.18941277790854,111.32741815070484,106.55065195494758,100.28503875733176,92.54034355816567,109.67834893098268,104.90158273518207,98.63596953767494,90.89127433858971,108.02927971129648,103.25251351560313,96.98690031795525,89.24220511884613,106.38021049158063,101.60344429585727,95.33783109814209,87.59313589904671,104.73114127183965,99.95437507604194,93.68876187845156,85.94406667932112,103.082072052118,98.30530585634055,92.03969265866982,84.29499745957031,101.43300283237035,96.6562366366346,90.39062343904051
JOR,59.6503547597781,58.38606687991091,58.21390913249132,58.34453405609272,50.85785410444424,50.37986149128959,50.207703743876436,50.33832866749003,42.851648715835694,42.373656102695335,42.20149835524849,42.33212327883966,34.845443327213886,34.36745071404002,34.1952929666391,34.325917890237506,26.839237938603404,26.361245325439427,26.18908757805778,26.319712501650613,18.833032550002685,18.355039936861687,18.18288218943991,18.31350711304242,10.826827161394561,10.348834548246472,10.176676800849606,10.307301724442496,2.820621772795576,2.34262915963275,2.170471412212933
JPN,213.51161796366415,223.6532552880802,228.48938127025536,233.17100213135842,242.07181107037624,247.0639730458562,251.90009902802754,256.5817198891252,265.4825288281464,270.47469080361793,275.3108167858094,279.9924376469164,288.89324658592375,293.8854085614142,298.72153454357846,303.40315540468356,312.30396434369476,317.2961263191795,322.1322523013323,326.8138731624414,335.7146821014595,340.70684407693204,345.5429700591078,350.2245909202094,359.1253998592288,364.1175618347057,368.9536878168695,373.63530867797573,382.5361176169937,387.5282795924781,392.364405574653
KAZ,16.496528250637848,17.300912411720297,17.600309751450357,17.831609800456228,18.990104024345207,19.357952095190207,19.657349434919624,19.888649483923928,21.047143707813788,21.4149917786572,21.71438911839064,21.94568916739813,23.104183391283442,23.472031462130786,23.77142880185921,24.002728850865818,25.161223074752186,25.529071145598472,25.828468485324265,26.05976853433128,27.218262758220135,27.586110829063692,27.88550816879399,28.116808217799612,29.275302441688687,29.64315051253297,29.942547852260297,30.17384790126702,31.33234212515648,31.700190196002062,31.999587535732267
KGZ,60.70561378145153,60.13088943228398,59.297475430377084,58.102060501079556,62.53782497997258,62.068091260354684,61.23467725844367,60.039262329140286,64.47502680804078,64.00529308841047,63.17187908652777,61.97646415723608,66.41222863611416,65.94249491650864,65.1090809145901,63.91366598529772,68.34943046418095,67.87969674456826,67.04628274263214,65.85086781334482,70.28663229224,69.81689857261284,68.98348457070593,67.78806964140543,72.22383412030415,71.75410040068306,70.92068639876273,69.72527146946686,74.16103594836765,73.691302228751,72.85788822684435
KNA,78.98948162841424,79.3645491529676,79.5867011029799,79.83120465454981,79.02224165803476,79.22147915219158,79.44363110220482,79.68813465377731,78.87917165726206,79.0784091514204,79.30056110143,79.54506465299765,78.73610165648671,78.93533915064049,79.1574911006556,79.4019946522256,78.59303165571313,78.79226914986828,79.0144210998853,79.25892465145495,78.44996165494067,78.64919914909953,78.8713510991111,79.11585465068049,78.30689165416722,78.5061291483253,78.72828109834165,78.97278464990917,78.1638216533962,78.36305914755104,78.58521109756326
KOR,36.79911024391468,37.85570619444465,38.260263654893166,38.58290140346443,39.910077301156,40.397021020670586,40.80157848111844,41.124216229687335,42.45139212737953,42.93833584689287,43.34289330734437,43.66553105591813,44.99270695360447,45.47965067312191,45.88420813356891,46.20684588214082,47.53402177982859,48.020965499344996,48.42552295978945,48.748160708361375,50.0753366060523,50.562280325565425,50.9668377860144,51.28947553458573,52.61665143227647,53.103595151790074,53.50815261223502,53.83079036080785,55.15796625849913,55.64490997801473,56.04946743846349
LBN,136.5051434672417,137.89507751664107,138.26359773557868,138.41586733344946,141.81607670935747,142.4019692859223,142.7704895048574,142.92275910272377,146.32296847863512,146.9088610551939,147.2773812741442,147.4296508720193,150.8298602479165,151.41575282448935,151.7842730434205,151.93654264129393,155.33675201719439,155.9226445937633,156.2911648126848,156.44343441056046,159.8436437864687,160.42953636302846,160.79805658196642,160.95032617983566,164.35053555574558,164.93642813230824,165.3049483512371,165.45721794910983,168.85742732502035,169.4433199015871,169.8118401205249
LBR,19.949681718310366,19.47732277918285,19.17672898121789,18.833274242097527,19.20941868289703,18.951764123658702,18.65117032569323,18.307715586573096,18.683860027374187,18.42620546813356,18.12561167017278,17.782156931052107,18.15830137185145,17.9006468126142,17.60005301464753,17.25659827552811,17.632742716327726,17.375088157089422,17.07449435911994,16.731039620001805,17.10718406080239,16.8495295015628,16.54893570359746,16.205480964476205,16.58162540527797,16.32397084603955,16.02337704807381,15.679922308952612,16.056066749754663,15.798412190515734,15.497818392550696
LCA,59.80756821397634,60.90999339297843,61.2955846634539,61.572159471633775,64.77274472197914,65.26844617896079,65.65403744943357,65.9306122576095,69.13119750795715,69.6268989649331,70.01249023541959,70.28906504360252,73.48965029394017,73.98535175092918,74.37094302139715,74.64751782957836,77.84810307991881,78.34380453690392,78.7293958073641,79.00597061554791,82.20655586589338,82.70225732286985,83.08784859334583,83.36442340152473,86.56500865187093,87.06071010885034,87.44630137931766,87.72287618750006,90.92346143784525,91.41916289483004,91.8047541653054
LKA,72.65637877292282,71.45084815421447,71.02937772777614,70.72691896017938,67.40610574564606,66.86417335244973,66.44270292601396,66.14024415842377,62.81943094388913,62.27749855069737,61.856028124250095,61.55356935664754,58.23275614212601,57.69082374892127,57.26935332249005,56.96689455489268,53.64608134036717,53.10414894716612,52.68267852074156,52.380219753143,49.05940653861124,48.51747414542032,48.09600371898039,47.79354495138317,44.47273173685279,43.930799343659636,43.50932891723195,43.206870149629935,39.88605693510004,39.344124541899134,38.922654115460546
LUX,2.9921404767517368,3.0852107174056576,3.158475424155792,3.2494277532425175,3.0743077335972178,3.1297777429842997,3.2030424497346193,3.2939947788218262,3.1188747591762955,3.174344768563823,3.247609475313028,3.3385618043992684,3.1634417847550154,3.2189117941414143,3.2921765008920536,3.3831288299785998,3.2080088103340243,3.263478819720734,3.3367435264720937,3.4276958555585266,3.252575835913279,3.3080458453007835,3.381310552050836,3.472262881137601,3.2971428614923424,3.3526128708796405,3.425877577630598,3.516829906717027,3.34170988707167,3.397179896458546,3.4704446032086396
MAR,47.27865067175544,44.5080907763621,42.958018254483946,41.299279851914655,42.37447711730792,40.934006766796855,39.3839342449161,37.72519584234374,38.80039310773941,37.35992275722276,35.80985023535557,34.15111183278845,35.226309098175236,33.78583874767092,32.23576622578569,30.577027823217897,31.65222508860697,30.211754738099017,28.66168221620604,27.00294381364101,28.078141079034793,26.637670728518984,25.087598206640976,23.42885980407023,24.504057069465446,23.063586718952493,21.513514197067323,19.854775794499545,20.929973059893626,19.48950270938515,17.939430187506773
MDA,34.760839979416915,33.723432342990066,32.90637069418379,31.89196608235878,33.90821693525608,33.28975286861674,32.47269121980813,31.45828660797754,33.47453746087703,32.856073394232894,32.03901174543698,31.024607133617423,33.040857986502395,32.42239391987116,31.605332271059037,30.590927659235938,32.6071785121245,31.988714445489805,31.17165279666957,30.157248184847717,32.173499037744115,31.55503497109998,30.73797332229467,29.72356871046908,31.73981956336576,31.12135549672383,30.304293847908067,29.289889236086523,31.306140088983696,30.687676022347244,29.870614373541386
MDV,50.4904500775926,51.277118596792405,51.651829830650016,52.01420176698781,52.61703811175098,53.004148835435174,53.37886006929254,53.741232005630216,54.344068350393655,54.73117907407733,55.10589030793605,55.46826224427388,56.07109858903664,56.45820931272138,56.83292054657839,57.1952924829164,57.798128827679264,58.18523955136369,58.55995078521992,58.92232272155823,59.52515906632154,59.912269790005354,60.2869810238629,60.64935296020044,61.252189304964055,61.63930002864815,62.014011262505285,62.376383198843016,62.97921954360651,63.366330267290834,63.7410415011484
MEX,14.222151462655269,11.533061366929644,9.682360174032027,7.496799963470437,10.381000572099303,8.867234351708788,7.016533158807299,4.830972948236543,7.715173556869239,6.201407336470659,4.35070614359045,2.1651459330380547,5.049346541646443,3.5355803212693715,1.6848791283620272,-0.500681082196273,2.383519526418141,0.8697533060352498,-0.9809478868857013,-3.16650809744187,-0.28230748881436796,-1.796073709212834,-3.646774902108959,-5.83233511267148,-2.948134504043466,-4.461900724438209,-6.312601917351671,-8.498162127907534,-5.613961519278476,-7.127727739664337,-8.978428932561343
MHL,46.406677026698475,42.78720911831871,40.534299684022145,37.988792770075364,40.56060659114142,38.60255713883739,36.34964770453658,33.80414079057968,36.37595461164849,34.41790515933698,32.164995725056805,29.619488811119545,32.19130263216438,30.233253179874772,27.980343745567524,25.434836831623187,28.006650652674345,26.048601200378684,23.795691766058702,21.250184852116256,23.821998673180076,21.86394922086786,19.61103978657323,17.065532872625866,19.637346693689487,17.679297241380752,15.426387807067364,12.880880893127447,15.452694714190812,13.494645261893204,11.241735827597196
MLT,74.70889848181224,76.06175616091829,76.877381258334,77.78514766756939,77.6820036864448,78.40495110003613,79.22057619745235,80.12834260669072,80.02519862556568,80.74814603915794,81.56377113657112,82.47153754580324,82.36839356468502,83.09134097827331,83.9069660756902,84.81473248492503,84.71158850380505,85.4345359173943,86.25016101481353,87.15792742404875,87.05478344292516,87.77773085651792,88.59335595393289,89.50112236316787,89.39797838204501,90.12092579563745,90.93655089305722,91.84431730229048,91.74117332116668,92.46412073475685,93.27974583217213
MNG,67.58732472692371,66.50460821268756,65.27253898272869,63.584645660040096,71.19302491788339,70.42046711649982,69.18839788653325,67.50050456382965,75.10888382168017,74.3363260202799,73.10425679035436,71.41636346767906,79.02474272549179,78.25218492413217,77.02011569415208,75.33222237146825,82.94060162929118,82.16804382791985,80.93597459791533,79.24808127523754,86.85646053307988,86.08390273168037,84.85183350172406,83.16394017903339,90.77231943687656,89.99976163548534,88.76769240549879,87.07979908281993,94.68817834066262,93.91562053928837,92.68355130933
MUS,35.13582443893104,33.28930947034817,31.87950526943836,30.148130313890334,34.05423278310076,32.96823239593192,31.558428195017576,29.82705323946016,33.73315570867511,32.64715532149648,31.237351120606714,29.5059761650675,33.41207863425787,32.32607824710358,30.916274046181844,29.184899090637103,33.09100155983377,32.005001172672685,30.595196971735774,28.863822016194273,32.76992448540392,31.683924098225745,30.274119897317366,28.54274494176803,32.448847410978445,31.362847023804985,29.953042822878288,28.22166786733603,32.1277703365468,31.04176994938319,29.631965748473824
MWI,37.11238834368383,41.270891177751004,44.13136841971175,47.50739144046332,40.08213506256901,42.42288314489868,45.28336038686845,48.659383407636724,41.23412702973361,43.574875112083305,46.435352354004515,49.81137537474144,42.38611899688094,44.72686707918327,47.5873443211691,50.96336734191509,43.53811096404297,45.878859046359075,48.739336288373615,52.11535930911191,44.69010293121819,47.030851013566426,49.89132825552457,53.267351276278745,45.84209489838355,48.18284298072185,51.043320222714144,54.41934324345513,46.994086865560384,49.33483494787978,52.19531218984012
MYS,41.44457755126629,39.53846322176553,38.477010885907816,37.34378157344788,37.48569676013798,36.49640978619072,35.43495745033186,34.301728137870725,34.443643324562125,33.45435635061227,32.39290401476003,31.259674702301012,31.40158988898788,30.412302915043732,29.35085057918309,28.217621266724137,28.359536453412005,27.370249479466203,26.308797143601588,25.175567831143965,25.317483017834455,24.32819604388515,23.266743708027356,22.133514395566444,22.27542958225809,21.286142608310065,20.224690272449394,19.09146095998969,19.233376146680968,18.24408917273452,17.182636836876767
NAM,24.22252420660366,24.719801912043813,24.850221348094593,24.902370670800615,26.27816945937278,26.487299009721024,26.617718445770766,26.669867768475157,28.04566655704879,28.254796107394334,28.385215543450478,28.437364866158013,29.813163654726367,30.02229320507771,30.15271264112566,30.204861963832702,31.580660752402316,31.789790302752003,31.920209738796025,31.972359061504143,33.34815785007659,33.55728740042264,33.68770683647352,33.73985615917895,35.11565494775201,35.32478449809938,35.45520393414674,35.50735325685349,36.88315204542679,37.09228159577572,37.22270103182654
NLD,54.324816729518325,54.76606848688821,55.12015779847876,55.56068577268778,54.50216411025532,54.76786894128541,55.12195825287755,55.56248622709839,54.50396456467153,54.76966939569709,55.123758707292865,55.564286681490096,54.50576501907929,54.77146985010013,55.12555916169237,55.56608713590384,54.50756547348783,54.77327030450922,55.12735961609994,55.56788759031634,54.509365927891956,54.77507075892384,55.129160070510274,55.569688044715164,54.511166382297404,54.77687121333188,55.13096052493593,55.57148849913322,54.512966836717034,54.77867166773733,55.13276097932682
NOR,32.71781494060767,33.4159390936139,33.91994142717937,34.526606709537916,34.08840173473697,34.48922162853089,34.99322396209692,35.599889244458296,35.16168426965674,35.56250416345173,36.066506497014394,36.67317177936971,36.234966804575194,36.635786698366076,37.13978903193271,37.746454314290446,37.30824933949424,37.70906923328607,38.2130715668553,38.81973684921341,38.381531874413355,38.78235176820872,39.286354101773554,39.89301938413187,39.45481440933227,39.85563430312725,40.35963663669672,40.966301919053365,40.52809694425276,40.92891683804572,41.43291917161076
NPL,30.876579193971644,27.856301540571543,25.89771626690115,23.641800083581664,24.266834215972004,22.606930493028713,20.648345219356663,18.39242903602998,19.017463168422076,17.35755944547583,15.39897417181379,13.14305798850257,13.768092120875473,12.10818839794058,10.149603124267117,7.893686940950126,8.518721073327384,6.858817350389856,4.90023207670874,2.644315893391024,3.2693500257791897,1.6094463028322181,-0.3491389708368473,-2.6050551541562967,-1.9800210217685361,-3.6399247447145413,-5.598510018395345,-7.854426201710432,-7.2293920693202125,-8.889295792261052,-10.847881065930508
NZL,44.15659413153696,45.31154970014133,45.8280918482806,46.30360479131398,46.13733923648976,46.694621350913884,47.211163499054074,47.68667644208819,47.52041088726393,48.077693001689546,48.5942351498266,49.06974809286007,48.90348253803583,49.46076465245825,49.97730680060047,50.45281974363432,50.2865541888096,50.84383630323318,51.360378451376505,51.835891394409295,51.669625839585024,52.22690795401074,52.74345010214977,53.21896304518316,53.0526974903592,53.609979604784016,54.126521752925186,54.60203469595757,54.435769141135005,54.99305125555746,55.50959340369697
PAK,64.69707760984383,63.507717936754844,62.82889835205235,62.095189274393945,63.12515706719775,62.5021467426774,61.82332715797295,61.08961808031059,62.119585873114126,61.496575548591856,60.81775596389397,60.08404688623882,61.11401467903511,60.49100435452047,59.812184769813385,59.078475692155045,60.1084434849535,59.48543316043673,58.80661357572601,58.07290449806831,59.102872290870586,58.47986196634727,57.801042381645686,57.0673333039873,58.09730109678905,57.474290772266734,56.795471187557695,56.06176210990261,57.09172990270265,56.46871957818629,55.789899993483786
PER,-8.961817264499814,-20.02180623376401,-25.9366849282342,-32.10480376619,-30.366542145623754,-36.02557803682723,-41.94045673130515,-48.10857556926868,-46.3703139486951,-52.02934983991574,-57.94422853435316,-64.11234737230453,-62.37408575175348,-68.03312164293797,-73.94800033742999,-80.1161191753819,-78.3778575548246,-84.0368934460202,-89.95177214053456,-96.11989097847734,-94.38162935790862,-100.0406652491263,-105.95554394359635,-112.1236627815567,-110.38540116098352,-116.04443705219236,-121.95931574668185,-128.12743458463402,-126.38917296406498,-132.04820885526118,-137.96308754973214
PHL,47.35215953762024,47.29607004083745,47.59067859504832,48.09884209311487,45.90936531463289,45.98916082802737,46.28376938223994,46.79193288031287,44.60245610182919,44.68225161522715,44.97686016942997,45.48502366748974,43.295546889021686,43.375342402408585,43.66995095662358,44.178114454688405,41.98863767621643,42.06843318960614,42.36304174382797,42.871205241892774,40.681728463412426,40.761523976810956,41.05613253102044,41.56429602908672,39.374819250607246,39.45461476400431,39.74922331822475,40.257386816286996,38.06791003780586,38.14770555119768,38.44231410540784
PLW,41.32452068670387,44.028452191224574,45.403731852662716,46.79286899705083,44.25635258920184,45.616502540607925,46.99178220205029,48.38091934644143,45.8444029385888,47.20455289000461,48.57983255142605,49.9689696958137,47.432453287968016,48.79260323936519,50.16788290081644,51.55702004520361,49.02050363735519,50.38065358875849,51.755933250220146,53.145070394601575,50.60855398675065,51.96870393816478,53.3439835996028,54.73312074399284,52.196604336140354,53.556754287549175,54.93203394899652,56.32117109338262,53.78465468553357,55.14480463693526,56.52008429837424
PNG,31.94305779635562,28.598594699523492,26.60267688520867,24.394053320491615,28.881621851991273,27.100812686166968,25.104894871845822,22.896271307120692,27.383839838625995,25.60303067278783,23.60711285849918,21.398489293787755,25.88605782527231,24.105248659464415,22.10933084513148,19.900707280417357,24.388275811907917,22.607466646090792,20.611548831739846,18.402925267032494,22.890493798533193,21.109684632696712,19.113766818382736,16.90514325366312,21.392711785165915,19.611902619336647,17.61598480500396,15.40736124029194,19.894929771791872,18.1141206059745,16.118202791659236
POL,60.4543984704576,60.4543984704576,60.4543984704576,60.4543984704576,60.4543984704576,60.4543984704576,60.4543984704576,60.4543984704576,60.4543984704576,60.4543984704576,60.4543984704576,60.4543984704576,60.4543984704576,60.4543984704576,60.4543984704576,60.4543984704576,60.4543984704576,60.4543984704576,60.4543984704576,60.4543984704576,60.4543984704576,60.4543984704576,60.4543984704576,60.4543984704576,60.4543984704576,60.4543984704576,60.4543984704576,60.4543984704576,60.4543984704576,60.4543984704576,60.4543984704576
PRT,5.16818997847432,5.174557956023468,5.220577184796163,5.294883312743524,4.892103634417737,4.909620259457149,4.9556394882302115,5.029945616178574,4.627165937852492,4.644682562892616,4.690701791663827,4.765007919610202,4.362228241286454,4.379744866324563,4.425764095098212,4.500070223045345,4.097290544720971,4.11480716975963,4.1608263985344465,4.235132526481437,3.8323528481558733,3.8498694731960628,3.8958887019685458,3.970194829915893,3.567415151590435,3.5849317766303046,3.630951005404625,3.705257133351269,3.302477455025714,3.3199940800645766,3.366013308837205
RUS,11.780765164721032,2.7726268376444523,-2.229818225115821,-7.560653093220054,-4.102520133804944,-8.773551886488121,-13.775996949256637,-19.10683181737076,-15.648698857947778,-20.31973061064923,-25.32217567337426,-30.653010541471446,-27.1948775820764,-31.865909334738205,-36.86835439752153,-42.19918926562116,-38.74105630621861,-43.41208805889224,-48.414533121700174,-53.74536798979079,-50.287235030373864,-54.95826678307262,-59.960711845832236,-65.29154671394065,-61.833413754519796,-66.50444550720908,-71.50689056999201,-76.83772543809093,-73.37959247867335,-78.0506242313484,-83.05306929410924
RWA,48.41397913131877,48.50508719595794,48.6021515009078,48.73960065962774,48.44435654525778,48.505547260831506,48.60261156577964,48.74006072446864,48.44481661007366,48.50600732567357,48.6030716305852,48.74052078933603,48.445276674911504,48.50646739050357,48.6035316954587,48.74098085416679,48.44573673975314,48.50692745535014,48.603991760325584,48.74144091901383,48.446196804616314,48.50738752019339,48.60445182515561,48.74190098389026,48.4466568694705,48.50784758503356,48.604911889953804,48.74236104870807,48.447116934279926,48.508307649883854,48.60537195483657
SGP,110.990178145476,115.5988202605104,118.42263848821855,121.58919115184051,117.81173254230004,120.28996057611764,123.11377880383147,126.28033146746544,122.50287285791981,124.9811008917496,127.80491911943369,130.9714717830446,127.1940131735281,129.6722412073279,132.49605943505168,135.6626120986702,131.8851534891457,134.36338152295406,137.18719975069553,140.3537524143101,136.57629380477096,139.05452183860052,141.8783400663065,145.0448927299293,141.2674341203903,143.7456621542139,146.56948038194344,149.7360330455572,145.95857443601807,148.43680246982854,151.26062069753613
SLB,6.515882909301952,5.2974965639686005,4.629928815852454,3.923769458667934,3.90821642345265,3.2794995348504887,2.611931786733763,1.9057724295482181,1.890219394333517,1.2615025057301015,0.5939347576165304,-0.112224599567055,-0.12777763478461424,-0.7564945233850047,-1.4240622715026685,-2.1302216286867637,-2.1457746639035964,-2.7744915525048484,-3.442059300624436,-4.148218657808053,-4.163771693023353,-4.792488581626651,-5.460056329742679,-6.166215686927453,-6.181768722142538,-6.81048561074523,-7.4780533588633435,-8.184212716047293,-8.199765751262397,-8.828482639863966,-9.496050387980073
SLV,55.87413057085459,57.00821235775967,57.61516576206368,58.24904983010168,59.79822832649928,60.37847956410177,60.98543296840461,61.619317036442624,63.16849553284116,63.74874677044093,64.35570017474942,64.98958424278644,66.53876273918509,67.11901397678945,67.72596738108967,68.35985144912777,69.90902994552667,70.4892811831294,71.0962345874271,71.73011865546717,73.27929715186566,73.8595483894661,74.46650179376991,75.10038586180713,76.64956435820642,77.22981559580845,77.83676900011088,78.47065306814878,80.01983156454656,80.60008280215018,81.20703620645376
SMR,62.98445884583046,66.29215024450666,67.80987991040257,69.23788458810256,72.68365488568837,74.29191240217867,75.80964206807283,77.23764674576965,80.6834170433569,82.29167455984359,83.8094042257467,85.23740890344942,88.68317920102886,90.2914367175244,91.8091663834155,93.23717106111647,96.68294135869799,98.291198875191,99.80892854107687,101.23693321877921,104.68270351636478,106.29096103285161,107.80869069874805,109.2366953764476,112.68246567403337,114.29072319052202,115.80845285641192,117.23645753411408,120.68222783169942,122.29048534819202,123.80821501408793
SYC,106.1826891913025,103.28880181561544,101.47727712438117,99.42303674029183,98.07764702760252,96.50917872080448,94.69765402957039,92.64341364547825,91.29802393278952,89.72955562599246,87.91803093475964,85.86379055067499,84.51840083797514,82.9499325311799,81.13840783994827,79.08416745586119,77.73877774316296,76.17030943636794,74.35878474513322,72.30454436104426,70.95915464835346,69.39068634155592,67.57916165032191,65.52492126623207,64.17953155354226,62.611063246743754,60.79953855550636,58.745298171417744,57.399908458730664,55.83144015193196,54.019915460698485
THA,28.343340133281437,28.297959873899735,28.164206278058458,27.957195753207518,29.37957181855486,29.31969526309829,29.185941667255594,28.97893114240228,30.401307207750925,30.341430652291287,30.20767705645605,30.000666531607123,31.423042596949628,31.36316604149719,31.229412445651995,31.022401920801904,32.44477798614606,32.38490143069152,32.251147834841966,32.04413730999313,33.46651337534043,33.406636819881044,33.27288322404009,33.06587269918869,34.488248764536344,34.428372209078496,34.294618613232565,34.08760808838312,35.50998415373048,35.45010759827555,35.31635400243428
TON,49.452646334472846,49.50394919440217,49.504430157672296,49.48479935711243,49.605739598773795,49.62383797667831,49.624318939949326,49.60468813940654,49.72562838108119,49.74372675897189,49.74420772226246,49.72457692168544,49.845517163376606,49.863615541271166,49.864096504538615,49.844465703985186,49.965405945670184,49.983504323562215,49.98398528681876,49.96435448627611,50.08529472795235,50.10339310585536,50.10387406911864,50.084243268550495,50.20518351023923,50.22328188814967,50.22376285143625,50.20413205085743,50.32507229255021,50.343170670438525,50.34365163370703
TTO,15.800172546935581,15.739640713308777,15.713516549344305,15.690805475274216,15.65604658082389,15.626995231381962,15.600871067417248,15.57815999334389,15.543401098890923,15.514349749451709,15.488225585483343,15.465514511416494,15.430755616960356,15.401704267520472,15.375580103556441,15.35286902948512,15.318110135030132,15.289058785590724,15.262934621628732,15.240223547555376,15.205464653102139,15.17641330366052,15.150289139697337,15.127578065628738,15.092819171173232,15.063767821730167,15.037643657762501,15.01493258369602,14.980173689239537,14.951122339800868,14.924998175836679
TUN,39.50671867730987,38.30585856950761,37.77308575690836,37.284603473094734,36.0979139697602,35.52021540224773,34.98744258964899,34.49896030583908,33.31227080250565,32.734572234992555,32.201799422393584,31.713317138576155,30.52662763524855,29.948929067732966,29.416156255134638,28.92767397132141,27.740984467991996,27.163285900476925,26.630513087878953,26.14203080406695,24.95534130073461,24.377642733223094,23.844869920622596,23.356387636807753,22.169698133477333,21.591999565966226,21.059226753371494,20.57074446955433,19.384054966223907,18.80635639870875,18.273583586109122
TUR,38.59698592640558,39.162598841908796,39.69294224329403,40.38729898270788,39.45848718108937,39.8239842155257,40.35432761691179,41.04868435633026,40.119872554710895,40.485369589148725,41.015712990529806,41.71006972993838,40.78125792833035,41.14675496276184,41.67709836414875,42.37145510356141,41.442643301950625,41.808140336383545,42.33848373777443,43.0328404771878,42.104028675570845,42.46952571000934,42.99986911139354,43.69422585080692,42.76541404919079,43.13091108362886,43.66125448502051,44.355611224431215,43.426799422813446,43.79229645724816,44.32263985863282
UKR,42.69681194493627,42.73757844421748,42.47866205392435,42.033646197345625,41.287150585115086,41.21448404656165,40.95556765626974,40.51055179968819,39.764056187456845,39.691389648906814,39.43247325861002,38.98745740203618,38.24096178979637,38.16829525124345,37.909378860955535,37.464363004377965,36.71786739213939,36.64520085358814,36.386284463300846,35.941268606719746,35.194772994486854,35.122106455935445,34.86319006564305,34.418174209065256,33.67167859683149,33.59901205827784,33.340095667983135,32.89507981140597,32.14858419917555,32.0759176606212,31.817001270329108
URY,55.52756225864679,54.374461537459496,52.90220617021844,50.83729595534667,57.23319419862991,56.35721300784628,54.884957640599175,52.82004742571043,59.21594566899977,58.33996447820353,56.86770911099023,54.80279889613573,61.19869713938173,60.32271594862108,58.850460581364686,56.78555036649837,63.18144860975525,62.305467418985074,60.83321205170651,58.768301836842525,65.16420008012261,64.28821888932592,62.815963522087905,60.7510533072152,67.14695155049506,66.27097035970417,64.79871499243554,62.73380477757441,69.129703020857,68.25372183008149,66.78146646284173
USA,105.47622384479013,108.83179397022553,109.58480407449713,109.72642733761204,119.52689760709006,120.89540729315574,121.64841739741985,121.79004066051627,131.59051093000085,132.95902061605167,133.71203072035516,133.85365398348833,143.6541242529264,145.0226339390181,145.77564404327086,145.91726730639144,155.7177375758413,157.08624726192195,157.8392573661495,157.98088062927374,167.7813508987484,169.14986058479863,169.90287068907358,170.0444939521874,179.84496422166194,181.2134739077191,181.96648401195947,182.10810727508664,191.9085775445628,193.27708723063847,194.0300973349112
VCT,70.76939118148871,72.43661454572074,73.1338554815089,73.74120116656073,76.42956648839392,77.21750346200831,77.91474439779459,78.52209008284336,81.2104554046781,81.99839237828867,82.69563331408446,83.30297899913882,85.9913443209658,86.77928129458556,87.47652223036866,88.0838679154215,90.77223323725056,91.56017021086764,92.25741114664523,92.86475683169968,95.55312215353274,96.34105912714355,97.03830006293214,97.64564574798332,100.33401106981685,101.12194804342963,101.81918897921179,102.42653466426556,105.11489998609854,105.90283695971519,106.60007789550332
VUT,27.569638540568878,26.63039663027954,25.860159387994504,24.89133756295459,27.385024093644102,26.81482634962185,26.044589107334037,25.075767282287767,27.56945381297961,26.999256068951812,26.229018826678477,25.260197001644517,27.75388353232066,27.183685788307717,26.413448546015452,25.444626720977386,27.938313251657608,27.368115507640553,26.597878265339332,25.62905644030287,28.122742970991354,27.552545226963463,26.782307984679576,25.813486159639083,28.307172690327697,27.736974946302457,26.96673770400646,25.997915878970698,28.49160240965942,27.92140466564092,27.151167423356238
ZAF,22.377408521270524,21.462587862758667,20.83503451967505,20.0944560250249,19.98214557358704,19.467966059039092,18.840412715955303,18.099834221302906,17.987523769865327,17.473344255317357,16.845790912235003,16.105212417587843,15.992901966143858,15.478722451598014,14.851169108514792,14.110590613865526,13.998280162422816,13.484100647876716,12.856547304791718,12.115968810141563,12.003658358702705,11.489478844154295,10.861925501071134,10.121347006421132,10.009036554982103,9.494857040433448,8.867303697347051,8.126725202698218,8.01441475126046,7.500235236712861,6.872681893629682
ZMB,7.280653495889453,-8.127765638282881,-17.309777376515058,-27.46846428335732,-19.814378579486288,-28.01291892990298,-37.19493066815005,-47.35361757501943,-39.699531871133956,-47.89807222158248,-57.08008395974906,-67.23877086656665,-59.58468516275491,-67.78322551312596,-76.96523725139718,-87.12392415822865,-79.46983845439831,-87.66837880479125,-96.85039054311142,-107.009077449931,-99.35499174606116,-107.55353209650741,-116.73554383473584,-126.89423074158378,-119.24014503770945,-127.43868538814013,-136.62069712642358,-146.77938403324993,-139.12529832937622,-147.32383867977654,-156.5058504180078
