,Unnamed: 0,2020,2021,2022,2023,2024,2025,2026,2027,2028,2029,2030,2031,2032,2033,2034,2035,2036,2037,2038,2039,2040,2041,2042,2043,2044,2045,2046,2047,2048,2049,2050,2019
0,ABW,1951000,2125491.662,2217739.033,2321049.054,2238262.824,2319372.094,2411619.464,2514929.485,2432143.256,2513252.525,2605499.896,2708809.917,2626023.687,2707132.957,2799380.327,2902690.348,2819904.119,2901013.388,2993260.759,3096570.78,3013784.55,3094893.82,3187141.19,3290451.211,3207664.982,3288774.251,3381021.622,3484331.643,3401545.413,3482654.683,3574902.053,1951000
1,AGO,218000,339558.7768,349998.1367,361761.2375,359006.1004,368114.9676,378554.3275,390317.4282,387562.2912,396671.1583,407110.5182,418873.619,416118.4819,425227.3491,435666.709,447429.8098,444674.6727,453783.5398,464222.8998,475986.0005,473230.8634,482339.7306,492779.0905,504542.1913,501787.0542,510895.9214,521335.2813,533098.382,530343.245,539452.1121,549891.4721,218000
2,ALB,2658000,2960218.169,2960739.682,2943901.795,3187707.962,3205700.197,3206221.71,3189383.824,3433189.991,3451182.226,3451703.739,3434865.853,3678672.02,3696664.254,3697185.768,3680347.881,3924154.048,3942146.283,3942667.796,3925829.91,4169636.077,4187628.312,4188149.825,4171311.938,4415118.105,4433110.34,4433631.854,4416793.967,4660600.134,4678592.369,4679113.882,6406000
3,AND,5207000,7112142.931,6851250.878,6567107.42,6789764.497,6552305.216,6291413.163,6007269.704,6229926.781,5992467.5,5731575.448,5447431.989,5670089.066,5432629.785,5171737.732,4887594.273,5110251.35,4872792.07,4611900.017,4327756.558,4550413.635,4312954.354,4052062.301,3767918.843,3990575.92,3753116.639,3492224.586,3208081.127,3430738.204,3193278.923,2932386.871,8235000
4,ARE,8084000,16993552.85,15550076.13,13804850.63,18144551.78,17005164.52,15561687.8,13816462.3,18156163.45,17016776.2,15573299.47,13828073.97,18167775.12,17028387.87,15584911.15,13839685.64,18179386.79,17039999.54,15596522.82,13851297.31,18190998.46,17051611.21,15608134.49,13862908.98,18202610.13,17063222.88,15619746.16,13874520.65,18214221.8,17074834.55,15631357.83,25282000
5,ARG,7399000,7807211.59,7728975.071,7568375.246,8763226.323,8767931.507,8689694.989,8529095.163,9723946.24,9728651.424,9650414.906,9489815.08,10684666.16,10689371.34,10611134.82,10450535,11645386.07,11650091.26,11571854.74,11411254.91,12606105.99,12610811.18,12532574.66,12371974.83,13566825.91,13571531.09,13493294.57,13332694.75,14527545.83,14532251.01,14454014.49,7399000
6,ARM,375000,808275.1647,788012.9775,761002.0956,899787.2702,886336.7903,866074.6032,839063.7213,977848.8958,964398.416,944136.2288,917125.347,1055910.521,1042460.042,1022197.855,995186.9726,1133972.147,1120521.667,1100259.48,1073248.598,1212033.773,1198583.293,1178321.106,1151310.224,1290095.398,1276644.919,1256382.731,1229371.85,1368157.024,1354706.544,1334444.357,1894000
7,ASM,899.9999762,14249.0566,12593.91691,10692.2457,12928.26601,11521.29128,9866.151594,7964.480388,10200.50069,8793.525972,7138.386281,5236.715075,7472.73538,6065.760659,4410.620968,2508.949763,4744.970067,3337.995346,1682.855656,-218.8155502,2017.204754,610.2300332,-1044.909657,-2946.580863,-710.5605588,-2117.53528,-3772.67497,-5674.346176,-3438.325872,-4845.300592,-6500.440283,19200.00076
8,ATG,384500,850914.9206,835492.3577,815520.8663,910857.4536,900025.5876,884603.0247,864631.5333,959968.1206,949136.2546,933713.6917,913742.2003,1009078.788,998246.9216,982824.3587,962852.8674,1058189.455,1047357.589,1031935.026,1011963.534,1107300.122,1096468.256,1081045.693,1061074.201,1156410.789,1145578.923,1130156.36,1110184.868,1205521.456,1194689.59,1179267.027,1035000
9,AUS,1828000,6173193.135,5903290.081,5571432.592,6710718.249,6503322.847,6233419.793,5901562.304,7040847.961,6833452.559,6563549.505,6231692.016,7370977.673,7163582.271,6893679.217,6561821.728,7701107.385,7493711.983,7223808.928,6891951.44,8031237.097,7823841.694,7553938.64,7222081.151,8361366.809,8153971.406,7884068.352,7552210.863,8691496.521,8484101.118,8214198.064,9466000
10,AUT,15091000,24630454.86,23581215.27,22231604.8,26804295.23,26057716.92,25008477.33,23658866.86,28231557.29,27484978.98,26435739.38,25086128.92,29658819.35,28912241.04,27863001.44,26513390.98,31086081.41,30339503.09,29290263.5,27940653.04,32513343.47,31766765.15,30717525.56,29367915.09,33940605.53,33194027.21,32144787.62,30795177.15,35367867.59,34621289.27,33572049.68,31884000
11,AZE,796000,2431889.452,2438531.128,2434960.639,2720147.409,2737106.74,2743748.416,2740177.927,3025364.696,3042324.027,3048965.704,3045395.215,3330581.984,3347541.315,3354182.991,3350612.503,3635799.272,3652758.603,3659400.279,3655829.791,3941016.56,3957975.891,3964617.567,3961047.078,4246233.847,4263193.178,4269834.855,4266264.366,4551451.135,4568410.466,4575052.142,3170000
12,BDI,299000,196061.2165,200524.5734,205713.492,206955.8591,210691.306,215154.6629,220343.5815,221585.9486,225321.3954,229784.7524,234973.6709,236216.038,239951.4849,244414.8418,249603.7604,250846.1275,254581.5744,259044.9313,264233.8498,265476.2169,269211.6638,273675.0207,278863.9393,280106.3064,283841.7533,288305.1102,293494.0288,294736.3959,298471.8427,302935.1997,299000
13,BEL,2584000,6490460.47,5951104.928,5291423.606,7086054.67,6667977.725,6128622.183,5468940.861,7263571.925,6845494.98,6306139.438,5646458.117,7441089.18,7023012.236,6483656.694,5823975.372,7618606.436,7200529.491,6661173.949,6001492.627,7796123.691,7378046.746,6838691.204,6179009.883,7973640.946,7555564.002,7016208.459,6356527.138,8151158.202,7733081.257,7193725.715,9343000
14,BEN,337000,554811.141,565223.451,576418.8216,537288.0464,546899.1723,557311.4823,568506.8529,529376.0777,538987.2036,549399.5136,560594.8842,521464.109,531075.2349,541487.5449,552682.9155,513552.1403,523163.2662,533575.5762,544770.9468,505640.1716,515251.2976,525663.6075,536858.9781,497728.203,507339.3289,517751.6388,528947.0094,489816.2343,499427.3602,509839.6701,337000
15,BFA,67000,185766.9404,183036.3759,179924.6257,194090.4642,191746.9997,189016.4352,185904.6849,200070.5235,197727.059,194996.4945,191884.7442,206050.5828,203707.1182,200976.5537,197864.8035,212030.6421,209687.1775,206956.613,203844.8628,218010.7014,215667.2368,212936.6723,209824.9221,223990.7607,221647.2961,218916.7316,215804.9814,229970.8199,227627.3554,224896.7909,143000
16,BGD,323000,282095.2999,308629.3167,339304.8472,265995.2723,288348.0765,314882.0932,345557.6237,272248.0488,294600.853,321134.8697,351810.4002,278500.8253,300853.6295,327387.6463,358063.1767,284753.6018,307106.406,333640.4228,364315.9532,291006.3784,313359.1825,339893.1993,370568.7297,297259.1549,319611.959,346145.9758,376821.5062,303511.9314,325864.7355,352398.7523,323000
17,BGR,4973000,7785212.365,7477990.68,7114441.479,8092677.519,7842278.924,7535057.238,7171508.038,8149744.078,7899345.482,7592123.797,7228574.596,8206810.636,7956412.041,7649190.355,7285641.155,8263877.194,8013478.599,7706256.913,7342707.713,8320943.753,8070545.158,7763323.472,7399774.271,8378010.311,8127611.716,7820390.03,7456840.83,8435076.87,8184678.275,7877456.589,12552000
18,BHR,1909000,7506733.341,7209011.409,6859764.934,8294302.214,8048750.026,7751028.093,7401781.619,8836318.899,8590766.71,8293044.778,7943798.303,9378335.583,9132783.395,8835061.462,8485814.988,9920352.268,9674800.079,9377078.147,9027831.673,10462368.95,10216816.76,9919094.832,9569848.357,11004385.64,10758833.45,10461111.52,10111865.04,11546402.32,11300850.13,11003128.2,11061000
19,BHS,1794500,5157818.521,4923181.623,4629971.858,5582153.786,5406568.672,5171931.774,4878722.009,5830903.937,5655318.823,5420681.925,5127472.16,6079654.088,5904068.974,5669432.076,5376222.311,6328404.239,6152819.125,5918182.227,5624972.462,6577154.39,6401569.275,6166932.378,5873722.613,6825904.541,6650319.426,6415682.529,6122472.764,7074654.692,6899069.577,6664432.68,7250000
20,BIH,197000,461848.213,440400.0839,412918.6997,513189.7562,497824.4935,476376.3644,448894.9801,549166.0367,533800.7739,512352.6448,484871.2606,585142.3171,569777.0543,548328.9252,520847.541,621118.5975,605753.3347,584305.2056,556823.8214,657094.8779,641729.6151,620281.4861,592800.1018,693071.1584,677705.8956,656257.7665,628776.3823,729047.4388,713682.176,692234.0469,1198000
21,BLR,3598000,5999860.172,5996478.025,5989845.9,6383334.798,6383331.553,6379949.406,6373317.281,6766806.179,6766802.933,6763420.787,6756788.662,7150277.56,7150274.314,7146892.167,7140260.042,7533748.94,7533745.695,7530363.548,7523731.423,7917220.321,7917217.075,7913834.929,7907202.804,8300691.702,8300688.456,8297306.309,8290674.184,8684163.082,8684159.837,8680777.69,11832000
22,BLZ,487000,1068958.599,1047891.19,1018017.452,1149487.898,1137291.848,1116224.438,1086350.7,1217821.146,1205625.096,1184557.686,1154683.948,1286154.395,1273958.344,1252890.935,1223017.196,1354487.643,1342291.592,1321224.183,1291350.444,1422820.891,1410624.84,1389557.431,1359683.692,1491154.139,1478958.088,1457890.679,1428016.94,1559487.387,1547291.336,1526223.927,1674000
23,BMU,51400.00153,480190.2226,425752.5921,359844.8302,524615.6813,481738.0998,427300.4693,361392.7074,526163.5585,483285.977,428848.3465,362940.5846,527711.4357,484833.8542,430396.2237,364488.4618,529259.3129,486381.7314,431944.1009,366036.339,530807.1901,487929.6086,433491.9781,367584.2162,532355.0673,489477.4858,435039.8553,369132.0934,533902.9445,491025.3631,436587.7325,805000
24,BOL,323299.9878,691422.2405,669697.0576,642271.5704,749045.2827,733071.2417,711346.0587,683920.5715,790694.2839,774720.2428,752995.0599,725569.5727,832343.285,816369.244,794644.061,767218.5738,873992.2862,858018.2451,836293.0622,808867.575,915641.2873,899667.2463,877942.0633,850516.5761,957290.2884,941316.2474,919591.0645,892165.5772,998939.2896,982965.2486,961240.0656,1239000
25,BRA,6353000,7199906.871,7392714.212,7594747.571,7610699.693,7794210.501,7987017.842,8189051.201,8205003.322,8388514.13,8581321.471,8783354.831,8799306.952,8982817.76,9175625.101,9377658.46,9393610.581,9577121.389,9769928.73,9971962.09,9987914.211,10171425.02,10364232.36,10566265.72,10582217.84,10765728.65,10958535.99,11160569.35,11176521.47,11360032.28,11552839.62,6353000
26,BRB,966000,1205608.464,1225612.733,1249825.12,1218015.412,1233788.301,1253792.57,1278004.957,1246195.249,1261968.138,1281972.407,1306184.794,1274375.086,1290147.975,1310152.244,1334364.631,1302554.923,1318327.813,1338332.081,1362544.468,1330734.76,1346507.65,1366511.918,1390724.305,1358914.597,1374687.487,1394691.755,1418904.142,1387094.434,1402867.324,1422871.593,966000
27,BRN,1071000,3197552.056,3244971.9,3294891.458,3394567.782,3439499.669,3486919.513,3536839.071,3636515.394,3681447.282,3728867.126,3778786.683,3878463.007,3923394.895,3970814.739,4020734.296,4120410.62,4165342.508,4212762.352,4262681.909,4362358.233,4407290.121,4454709.964,4504629.522,4604305.846,4649237.733,4696657.577,4746577.135,4846253.459,4891185.346,4938605.19,4449000
28,BTN,29799.99924,98574.13904,95636.48382,91746.39712,110006.3351,108029.5878,105091.9326,101201.8459,119461.7839,117485.0365,114547.3813,110657.2946,128917.2326,126940.4853,124002.8301,120112.7434,138372.6813,136395.934,133458.2788,129568.1921,147828.1301,145851.3828,142913.7275,139023.6408,157283.5788,155306.8315,152369.1763,148479.0896,166739.0276,164762.2802,161824.625,316000
29,BWA,1830000,2154088.745,2246863.484,2349589.52,2228932.475,2311668.926,2404443.665,2507169.701,2386512.656,2469249.107,2562023.846,2664749.882,2544092.837,2626829.289,2719604.028,2822330.064,2701673.019,2784409.47,2877184.209,2979910.245,2859253.2,2941989.651,3034764.39,3137490.426,3016833.381,3099569.833,3192344.571,3295070.608,3174413.563,3257150.014,3349924.753,1830000
30,CAF,87000,60559.3032,61007.11439,61428.46229,63467.74657,63942.53627,64390.34746,64811.69536,66850.97964,67325.76935,67773.58053,68194.92844,70234.21271,70709.00242,71156.8136,71578.16151,73617.44579,74092.23549,74540.04667,74961.39458,77000.67886,77475.46856,77923.27974,78344.62765,80383.91193,80858.70163,81306.51282,81727.86072,83767.145,84241.9347,84689.74589,87000
31,CAN,32430000,26275455.68,25721929.76,25159865.47,24340930.31,23795833.43,23242307.51,22680243.21,21861308.06,21316211.17,20762685.26,20200620.96,19381685.8,18836588.92,18283063,17720998.7,16902063.55,16356966.67,15803440.75,15241376.45,14422441.29,13877344.41,13323818.5,12761754.2,11942819.04,11397722.16,10844196.24,10282131.94,9463196.787,8918099.904,8364573.988,32430000
32,CHE,11818000,12128691.1,12521616.21,12943831.63,12832451.12,13195903.41,13588828.52,14011043.94,13899663.43,14263115.72,14656040.84,15078256.25,14966875.74,15330328.03,15723253.15,16145468.56,16034088.05,16397540.35,16790465.46,17212680.88,17101300.37,17464752.66,17857677.77,18279893.19,18168512.68,18531964.97,18924890.09,19347105.5,19235724.99,19599177.28,19992102.4,11818000
33,CHL,5431000,5960021.956,6245089.563,6580801.311,6106266.029,6340345.753,6625413.36,6961125.108,6486589.825,6720669.549,7005737.157,7341448.905,6866913.622,7100993.346,7386060.953,7721772.702,7247237.419,7481317.143,7766384.75,8102096.498,7627561.215,7861640.939,8146708.547,8482420.295,8007885.012,8241964.736,8527032.344,8862744.092,8388208.809,8622288.533,8907356.14,5431000
34,CHN,30402000,118916712.3,115997385,112401227.4,128196334.8,125960936.7,123041609.5,119445451.9,135240559.3,133005161.2,130085834,126489676.4,142284783.7,140049385.7,137130058.4,133533900.9,149329008.2,147093610.2,144174282.9,140578125.3,156373232.7,154137834.6,151218507.4,147622349.8,163417457.2,161182059.1,158262731.9,154666574.3,170461681.6,168226283.6,165306956.3,162538000
35,CIV,668000,730526.0011,720159.4849,703893.3114,787521.0294,783094.7253,772728.2092,756462.0357,840089.7537,835663.4496,825296.9335,809030.76,892658.4779,888232.1739,877865.6578,861599.4843,945227.2022,940800.8982,930434.382,914168.2085,997795.9265,993369.6225,983003.1063,966736.9328,1050364.651,1045938.347,1035571.831,1019305.657,1102933.375,1098507.071,1088140.555,2070000
36,CMR,1021000,1192715.534,1264904.023,1344635.112,1294207.542,1358799.516,1430988.005,1510719.094,1460291.524,1524883.498,1597071.987,1676803.075,1626375.506,1690967.48,1763155.969,1842887.057,1792459.488,1857051.462,1929239.951,2008971.039,1958543.47,2023135.444,2095323.933,2175055.021,2124627.451,2189219.426,2261407.915,2341139.003,2290711.433,2355303.407,2427491.896,1021000
37,COD,351000,220445.2563,227701.4122,234612.8296,228234.488,235831.9578,243088.1137,249999.5312,243621.1896,251218.6594,258474.8152,265386.2327,259007.8911,266605.3609,273861.5168,280772.9342,274394.5926,281992.0624,289248.2183,296159.6358,289781.2942,297378.764,304634.9199,311546.3373,305167.9957,312765.4655,320021.6214,326933.0389,320554.6973,328152.1671,335408.3229,351000
38,COG,158000,213506.6194,221908.2082,232663.7176,207923.123,213955.1078,222356.6966,233112.206,208371.6114,214403.5962,222805.185,233560.6944,208820.0998,214852.0846,223253.6734,234009.1828,209268.5882,215300.573,223702.1618,234457.6712,209717.0766,215749.0614,224150.6502,234906.1596,210165.565,216197.5498,224599.1386,235354.648,210614.0534,216646.0382,225047.627,158000
39,COL,1396000,2266641.731,2189654.349,2093210.913,2421443.18,2364073.904,2287086.522,2190643.086,2518875.353,2461506.076,2384518.694,2288075.259,2616307.526,2558938.249,2481950.867,2385507.431,2713739.698,2656370.422,2579383.04,2482939.604,2811171.871,2753802.594,2676815.212,2580371.777,2908604.044,2851234.767,2774247.385,2677803.949,3006036.216,2948666.94,2871679.558,4531000
40,COM,7000,19557.77294,17380.03247,14726.60568,21275.88145,19577.46578,17399.7253,14746.29852,21295.57428,19597.15861,17419.41814,14765.99136,21315.26712,19616.85145,17439.11097,14785.68419,21334.95995,19636.54428,17458.80381,14805.37703,21354.65279,19656.23712,17478.49664,14825.06986,21374.34563,19675.92995,17498.18948,14844.7627,21394.03846,19695.62279,17517.88232,45099.99847
41,CPV,180000,396817.0872,393985.605,389390.4218,432531.7893,431481.7927,428650.3105,424055.1273,467196.4948,466146.4982,463315.016,458719.8328,501861.2002,500811.2037,497979.7215,493384.5382,536525.9057,535475.9091,532644.427,528049.2437,571190.6112,570140.6146,567309.1324,562713.9492,605855.3167,604805.3201,601973.8379,597378.6547,640520.0222,639470.0256,636638.5434,758000
42,CRI,1146500,2754706.879,2690209.445,2600974.391,3050342.766,3010789.256,2946291.822,2857056.769,3306425.143,3266871.634,3202374.2,3113139.147,3562507.521,3522954.011,3458456.577,3369221.524,3818589.898,3779036.389,3714538.955,3625303.902,4074672.276,4035118.766,3970621.332,3881386.279,4330754.653,4291201.144,4226703.71,4137468.657,4586837.031,4547283.521,4482786.087,3366000
43,CUB,1086000,3299050.652,3245134.313,3170695.63,3670344.8,3637160.956,3583244.617,3508805.934,4008455.105,3975271.261,3921354.922,3846916.239,4346565.409,4313381.565,4259465.227,4185026.544,4684675.714,4651491.87,4597575.531,4523136.848,5022786.018,4989602.175,4935685.836,4861247.153,5360896.323,5327712.479,5273796.14,5199357.457,5699006.628,5665822.784,5611906.445,4276000
44,CUW,1293000,1307018.98,1323649.471,1334333.275,1462087.889,1484711.245,1501341.736,1512025.54,1639780.154,1662403.511,1679034.001,1689717.805,1817472.419,1840095.776,1856726.267,1867410.07,1995164.685,2017788.041,2034418.532,2045102.336,2172856.95,2195480.306,2212110.797,2222794.601,2350549.215,2373172.572,2389803.062,2400486.866,2528241.481,2550864.837,2567495.328,1293000
45,CYM,660000,1749817.064,1646895.121,1519468.758,1905287.59,1827070.176,1724148.233,1596721.871,1982540.702,1904323.289,1801401.346,1673974.983,2059793.815,1981576.401,1878654.458,1751228.096,2137046.927,2058829.514,1955907.571,1828481.208,2214300.04,2136082.626,2033160.683,1905734.321,2291553.152,2213335.739,2110413.796,1982987.433,2368806.265,2290588.851,2187666.908,2334000
46,CYP,4117000,3529076.861,3636675.599,3756621.473,3601357.874,3696498.244,3804096.982,3924042.856,3768779.257,3863919.627,3971518.365,4091464.239,3936200.64,4031341.01,4138939.748,4258885.622,4103622.023,4198762.393,4306361.131,4426307.005,4271043.406,4366183.776,4473782.514,4593728.388,4438464.789,4533605.159,4641203.897,4761149.771,4605886.172,4701026.542,4808625.28,4117000
47,CZE,37202000,38479885.12,40198731.12,42093426.62,41006266.91,42548055.02,44266901.02,46161596.52,45074436.81,46616224.92,48335070.92,50229766.42,49142606.71,50684394.82,52403240.82,54297936.32,53210776.61,54752564.72,56471410.72,58366106.22,57278946.51,58820734.62,60539580.62,62434276.12,61347116.41,62888904.52,64607750.52,66502446.02,65415286.31,66957074.42,68675920.42,37202000
48,DEU,12449000,29938909.13,28749876.31,27208979.29,33113952.08,32279656.81,31090623.99,29549726.97,35454699.76,34620404.49,33431371.67,31890474.65,37795447.44,36961152.17,35772119.35,34231222.33,40136195.12,39301899.85,38112867.03,36571970.01,42476942.8,41642647.53,40453614.71,38912717.69,44817690.48,43983395.21,42794362.39,41253465.37,47158438.15,46324142.88,45135110.07,39563000
49,DJI,63000,75443.65385,78608.83974,82049.94314,81495.50302,84383.04422,87548.2301,90989.33351,90434.89339,93322.43459,96487.62047,99928.72388,99374.28376,102261.825,105427.0108,108868.1142,108313.6741,111201.2153,114366.4012,117807.5046,117253.0645,120140.6057,123305.7916,126746.895,126192.4549,129079.9961,132245.1819,135686.2853,135131.8452,138019.3864,141184.5723,63000
50,DMA,140000,366729.0579,370308.5489,374472.6126,377333.0563,380326.4633,383905.9543,388070.018,390930.4617,393923.8687,397503.3598,401667.4234,404527.8671,407521.2741,411100.7652,415264.8288,418125.2725,421118.6796,424698.1706,428862.2342,431722.6779,434716.085,438295.576,442459.6396,445320.0833,448313.4904,451892.9814,456057.045,458917.4888,461910.8958,465490.3868,322000
51,DNK,15595000,25286268.47,23904582.68,22208581.82,27259260.95,26194457.05,24812771.26,23116770.4,28167449.53,27102645.64,25720959.85,24024958.99,29075638.12,28010834.22,26629148.43,24933147.57,29983826.7,28919022.81,27537337.02,25841336.16,30892015.29,29827211.39,28445525.6,26749524.74,31800203.87,30735399.98,29353714.19,27657713.33,32708392.46,31643588.56,30261902.77,33093000
52,DOM,2748000,5878460.748,5727533.443,5519559.805,6548206.157,6454797.989,6303870.683,6095897.045,7124543.398,7031135.229,6880207.924,6672234.286,7700880.638,7607472.47,7456545.164,7248571.526,8277217.879,8183809.71,8032882.405,7824908.767,8853555.119,8760146.951,8609219.646,8401246.007,9429892.36,9336484.191,9185556.886,8977583.248,10006229.6,9912821.432,9761894.127,7550000
53,DZA,591000,1806825.139,1785033.607,1759834.409,1949532.581,1931220.777,1909429.246,1884230.047,2073928.22,2055616.416,2033824.884,2008625.686,2198323.859,2180012.054,2158220.523,2133021.325,2322719.497,2304407.693,2282616.162,2257416.963,2447115.136,2428803.332,2407011.8,2381812.602,2571510.774,2553198.97,2531407.439,2506208.241,2695906.413,2677594.609,2655803.078,2371000
54,ECU,2108000,2165854.65,2158730.964,2127772.986,2522741.845,2539639.21,2532515.524,2501557.545,2896526.404,2913423.769,2906300.084,2875342.105,3270310.964,3287208.329,3280084.643,3249126.665,3644095.523,3660992.889,3653869.203,3622911.224,4017880.083,4034777.448,4027653.762,3996695.784,4391664.643,4408562.008,4401438.322,4370480.343,4765449.202,4782346.568,4775222.882,2108000
55,EGY,13026000,11416719.81,11628458.86,11822507.06,12033915.48,12263386.59,12475125.64,12669173.84,12880582.26,13110053.37,13321792.42,13515840.62,13727249.04,13956720.16,14168459.21,14362507.41,14573915.83,14803386.94,15015125.99,15209174.19,15420582.61,15650053.72,15861792.77,16055840.98,16267249.39,16496720.51,16708459.56,16902507.76,17113916.18,17343387.29,17555126.34,13026000
56,ERI,142000,96539.43888,97201.85397,99664.65353,79346.07252,78197.35078,78859.76587,81322.56543,61003.98441,59855.26268,60517.67777,62980.47733,42661.89631,41513.17458,42175.58967,44638.38922,24319.80821,23171.08648,23833.50157,26296.30112,5977.720109,4828.998375,5491.413466,7954.213022,-12364.36799,-13513.08973,-12850.67464,-10387.87508,-30706.45609,-31855.17783,-31192.76274,142000
57,ESP,36410000,98234539.57,93802580.38,88258751.45,107629444.5,104318844.2,99886885,94343056.07,113713749.2,110403148.8,105971189.6,100427360.7,119798053.8,116487453.4,112055494.3,106511665.3,125882358.4,122571758.1,118139798.9,112595969.9,131966663,128656062.7,124224103.5,118680274.6,138050967.7,134740367.3,130308408.1,124764579.2,144135272.3,140824672,136392712.8,126170000
58,EST,1695000,4784120.469,4656365.213,4494115.738,5200791.161,5107853.48,4980098.224,4817848.749,5524524.172,5431586.491,5303831.235,5141581.76,5848257.184,5755319.502,5627564.246,5465314.771,6171990.195,6079052.513,5951297.257,5789047.782,6495723.206,6402785.524,6275030.268,6112780.793,6819456.217,6726518.535,6598763.28,6436513.804,7143189.228,7050251.547,6922496.291,6103000
59,ETH,518000,559701.0689,565103.6789,569998.3639,595601.2114,601519.0466,606921.6566,611816.3416,637419.1891,643337.0244,648739.6343,653634.3193,679237.1668,685155.0021,690557.612,695452.297,721055.1445,726972.9798,732375.5898,737270.2747,762873.1222,768790.9575,774193.5675,779088.2524,804691.1,810608.9352,816011.5452,820906.2301,846509.0777,852426.9129,857829.5229,812000
60,FIN,896000,2961282.988,2872651.759,2760743.915,3141866.746,3076703.061,2988071.832,2876163.988,3257286.82,3192123.135,3103491.906,2991584.061,3372706.893,3307543.208,3218911.979,3107004.135,3488126.966,3422963.281,3334332.052,3222424.208,3603547.039,3538383.354,3449752.125,3337844.281,3718967.113,3653803.428,3565172.198,3453264.354,3834387.186,3769223.501,3680592.272,3290000
61,FJI,168000,640392.7492,612002.183,578139.7229,684092.3718,661225.4843,632834.918,598972.4579,704925.1069,682058.2193,653667.6531,619805.193,725757.8419,702890.9544,674500.3881,640637.928,746590.577,723723.6894,695333.1231,661470.6631,767423.312,744556.4244,716165.8582,682303.3981,788256.047,765389.1595,736998.5932,703136.1331,809088.7821,786221.8945,757831.3283,969000
62,FRA,117109000,185020760.9,174533114,161533240.1,198479873.5,190523950.1,180036303.2,167036429.3,203983062.7,196027139.3,185539492.4,172539618.5,209486251.8,201530328.4,191042681.5,178042807.6,214989441,207033517.6,196545870.7,183545996.8,220492630.1,212536706.7,202049059.8,189049185.9,225995819.3,218039895.9,207552249,194552375.1,231499008.5,223543085.1,213055438.2,217877000
63,FSM,18000,26969.46019,27567.11072,28356.61554,27401.17942,27806.08905,28403.73958,29193.2444,28237.80828,28642.71791,29240.36844,30029.87326,29074.43714,29479.34678,30076.9973,30866.50212,29911.06601,30315.97564,30913.62616,31703.13098,30747.69487,31152.6045,31750.25502,32539.75984,31584.32373,31989.23336,32586.88388,33376.3887,32420.95259,32825.86222,33423.51274,18000
64,GAB,526000,584428.2484,595976.0781,608385.1297,622079.9257,632765.4149,644313.2447,656722.2962,670417.0922,681102.5814,692650.4112,705059.4627,718754.2587,729439.7479,740987.5777,753396.6292,767091.4252,777776.9144,789324.7442,801733.7957,815428.5918,826114.081,837661.9107,850070.9622,863765.7583,874451.2475,885999.0772,898408.1287,912102.9248,922788.414,934336.2437,526000
65,GBR,11101000,29958281.46,28552711.99,26845331.66,31970286.6,30869113.15,29463543.68,27756163.35,32881118.3,31779944.85,30374375.38,28666995.05,33791949.99,32690776.54,31285207.08,29577826.74,34702781.69,33601608.24,32196038.77,30488658.44,35613613.39,34512439.94,33106870.47,31399490.14,36524445.08,35423271.63,34017702.17,32310321.83,37435276.78,36334103.33,34928533.86,40857000
66,GEO,1513000,3153694.578,3087894.666,3001394.797,3502717.451,3457835.516,3392035.605,3305535.735,3806858.39,3761976.454,3696176.543,3609676.674,4110999.328,4066117.393,4000317.481,3913817.612,4415140.267,4370258.331,4304458.42,4217958.55,4719281.205,4674399.27,4608599.358,4522099.489,5023422.143,4978540.208,4912740.297,4826240.427,5327563.082,5282681.146,5216881.235,7726000
67,GHA,897000,1055903.29,1096802.353,1141496.479,1124680.95,1161759.358,1202658.421,1247352.547,1230537.018,1267615.426,1308514.489,1353208.615,1336393.086,1373471.494,1414370.557,1459064.683,1442249.154,1479327.562,1520226.625,1564920.751,1548105.222,1585183.63,1626082.693,1670776.819,1653961.291,1691039.698,1731938.761,1776632.887,1759817.359,1796895.766,1837794.829,897000
68,GIN,99000,70495.05477,73882.2039,77387.43338,71722.10915,74988.06916,78375.21829,81880.44777,76215.12355,79481.08356,82868.23269,86373.46217,80708.13794,83974.09795,87361.24708,90866.47656,85201.15233,88467.11235,91854.26148,95359.49096,89694.16673,92960.12674,96347.27587,99852.50535,94187.18112,97453.14114,100840.2903,104345.5197,98680.19552,101946.1555,105333.3047,99000
69,GMB,246000,260889.3086,262065.8113,261884.8871,277748.2577,280289.21,281465.7127,281284.7885,297148.1591,299689.1114,300865.6141,300684.6899,316548.0605,319089.0128,320265.5155,320084.5913,335947.9619,338488.9142,339665.4169,339484.4927,355347.8633,357888.8156,359065.3183,358884.3941,374747.7647,377288.717,378465.2197,378284.2955,394147.6662,396688.6184,397865.1211,620000
70,GNB,52400.00153,33587.14878,34663.92256,35714.44249,34639.19434,35741.61387,36818.38765,37868.90758,36793.65943,37896.07896,38972.85274,40023.37267,38948.12452,40050.54405,41127.31783,42177.83776,41102.58961,42205.00914,43281.78292,44332.30284,43257.05469,44359.47423,45436.248,46486.76793,45411.51978,46513.93931,47590.71309,48641.23302,47565.98487,48668.4044,49745.17818,52400.00153
71,GRC,7406000,21615606.23,20154988.29,18311307.97,24440037.16,23365577.68,21904959.74,20061279.42,26190008.61,25115549.13,23654931.19,21811250.87,27939980.06,26865520.58,25404902.64,23561222.31,29689951.5,28615492.03,27154874.08,25311193.76,31439922.95,30365463.47,28904845.53,27061165.21,33189894.4,32115434.92,30654816.98,28811136.66,34939865.85,33865406.37,32404788.43,34005000
72,GRD,217000,368404.0387,347565.402,321720.7318,387240.1752,371443.5594,350604.9228,324760.2526,390279.696,374483.0802,353644.4435,327799.7733,393319.2167,377522.601,356683.9643,330839.2941,396358.7375,380562.1217,359723.4851,333878.8149,399398.2583,383601.6425,362763.0058,336918.3356,402437.779,386641.1633,365802.5266,339957.8564,405477.2998,389680.684,368842.0474,526000
73,GTM,594000,1686510.927,1607018.119,1501993.647,1898098.557,1844334.808,1764842,1659817.528,2055922.438,2002158.69,1922665.882,1817641.409,2213746.319,2159982.571,2080489.763,1975465.29,2371570.201,2317806.452,2238313.644,2133289.172,2529394.082,2475630.333,2396137.525,2291113.053,2687217.963,2633454.215,2553961.406,2448936.934,2845041.844,2791278.096,2711785.288,2560000
74,GUM,328000,1128186.816,1080493.74,1025725.642,1157948.405,1117397.365,1069704.289,1014936.19,1147158.954,1106607.913,1058914.837,1004146.739,1136369.502,1095818.462,1048125.386,993357.287,1125580.051,1085029.01,1037335.934,982567.8354,1114790.599,1074239.558,1026546.483,971778.3838,1104001.147,1063450.107,1015757.031,960988.9322,1093211.696,1052660.655,1004967.579,1667000
75,GUY,86400.00153,161170.6786,155471.2625,148302.9002,171682.7019,167464.011,161764.595,154596.2327,177976.0343,173757.3435,168057.9274,160889.5651,184269.3668,180050.6759,174351.2599,167182.8976,190562.6992,186344.0084,180644.5923,173476.23,196856.0317,192637.3409,186937.9248,179769.5625,203149.3641,198930.6733,193231.2573,186062.895,209442.6966,205224.0058,199524.5897,315000
76,HKG,3569000,36641064.56,35637813.1,34403911.39,40073450.44,39303383.35,38300131.89,37066230.19,42735769.23,41965702.15,40962450.68,39728548.98,45398088.02,44628020.94,43624769.47,42390867.77,48060406.82,47290339.73,46287088.27,45053186.56,50722725.61,49952658.52,48949407.06,47715505.36,53385044.4,52614977.32,51611725.85,50377824.15,56047363.19,55277296.11,54274044.65,55913000
77,HND,669000,1927591.711,1912793.014,1885587.379,2141375.253,2139092.424,2124293.727,2097088.092,2352875.966,2350593.137,2335794.44,2308588.805,2564376.679,2562093.85,2547295.153,2520089.518,2775877.392,2773594.563,2758795.866,2731590.231,2987378.105,2985095.276,2970296.579,2943090.944,3198878.818,3196595.989,3181797.292,3154591.656,3410379.531,3408096.702,3393298.005,2315000
78,HRV,21608000,52606758.06,52080379.21,51305471.05,56882094.96,56606597.42,56080218.57,55305310.41,60881934.32,60606436.79,60080057.93,59305149.77,64881773.68,64606276.15,64079897.3,63304989.14,68881613.05,68606115.51,68079736.66,67304828.5,72881452.41,72605954.88,72079576.02,71304667.86,76881291.77,76605794.24,76079415.39,75304507.23,80881131.14,80605633.6,80079254.75,60021000
79,HTI,938000,1186470.554,1185917.952,1178861.887,1322265.89,1328273.441,1327720.838,1320664.773,1464068.777,1470076.327,1469523.725,1462467.66,1605871.663,1611879.214,1611326.611,1604270.546,1747674.55,1753682.1,1753129.498,1746073.433,1889477.436,1895484.987,1894932.384,1887876.319,2031280.323,2037287.873,2036735.271,2029679.206,2173083.209,2179090.76,2178538.157,938000
80,HUN,31641000,45607508.91,44278304.78,42564692.27,48750076.38,47808294.65,46479090.52,44765478.01,50950862.12,50009080.39,48679876.26,46966263.75,53151647.86,52209866.13,50880662,49167049.49,55352433.6,54410651.87,53081447.74,51367835.23,57553219.34,56611437.61,55282233.48,53568620.97,59754005.08,58812223.35,57483019.21,55769406.71,61954790.82,61013009.08,59683804.95,61397000
81,IDN,4053000,8456012.997,8128045.962,7717280.653,9249325.19,9004890.768,8676923.733,8266158.424,9798202.962,9553768.539,9225801.504,8815036.195,10347080.73,10102646.31,9774679.275,9363913.966,10895958.5,10651524.08,10323557.05,9912791.737,11444836.27,11200401.85,10872434.82,10461669.51,11993714.05,11749279.62,11421312.59,11010547.28,12542591.82,12298157.39,11970190.36,16107000
82,IND,17914000,10253161.73,10535300.56,10799486.69,10638705.17,10938703.17,11220842,11485028.12,11324246.61,11624244.61,11906383.44,12170569.56,12009788.05,12309786.05,12591924.88,12856111,12695329.49,12995327.49,13277466.32,13541652.44,13380870.93,13680868.93,13963007.76,14227193.88,14066412.37,14366410.36,14648549.19,14912735.32,14751953.81,15051951.8,15334090.63,17914000
83,IRL,10951000,10730782.34,10814889.93,10859815.46,11453106.8,11576622.39,11660729.97,11705655.51,12298946.84,12422462.43,12506570.02,12551495.55,13144786.88,13268302.47,13352410.06,13397335.59,13990626.93,14114142.51,14198250.1,14243175.64,14836466.97,14959982.56,15044090.15,15089015.68,15682307.01,15805822.6,15889930.19,15934855.72,16528147.06,16651662.64,16735770.23,10951000
84,IRN,1550000,3370160.208,3079978.961,2709435.216,3888707.56,3679507.035,3389325.788,3018782.043,4198054.388,3988853.863,3698672.616,3328128.871,4507401.215,4298200.69,4008019.443,3637475.699,4816748.043,4607547.518,4317366.271,3946822.526,5126094.87,4916894.345,4626713.098,4256169.354,5435441.698,5226241.173,4936059.926,4565516.181,5744788.525,5535588,5245406.753,9107000
85,IRQ,892000,935996.47,934740.3586,928584.6014,1009828.761,1013508.556,1012252.444,1006096.687,1087340.847,1091020.641,1089764.53,1083608.772,1164852.932,1168532.727,1167276.615,1161120.858,1242365.018,1246044.812,1244788.701,1238632.944,1319877.103,1323556.898,1322300.786,1316145.029,1397389.189,1401068.983,1399812.872,1393657.115,1474901.274,1478581.069,1477324.957,892000
86,ISL,488000,975672.2374,955056.8607,928936.8589,1067520.85,1052470.475,1031855.098,1005735.096,1144319.087,1129268.712,1108653.336,1082533.334,1221117.325,1206066.95,1185451.573,1159331.571,1297915.562,1282865.187,1262249.811,1236129.809,1374713.8,1359663.425,1339048.048,1312928.046,1451512.037,1436461.662,1415846.286,1389726.284,1528310.275,1513259.9,1492644.523,2202000
87,ISR,4905000,3355932.49,3447671.253,3543076.398,3328606.774,3416572.981,3508311.744,3603716.89,3389247.265,3477213.473,3568952.235,3664357.381,3449887.757,3537853.964,3629592.727,3724997.872,3510528.248,3598494.455,3690233.218,3785638.363,3571168.739,3659134.946,3750873.709,3846278.854,3631809.23,3719775.437,3811514.2,3906919.345,3692449.721,3780415.928,3872154.691,4905000
88,ITA,38419000,71086045.63,66828437.72,61513366.85,77078018.12,73885999.77,69628391.86,64313320.99,79877972.27,76685953.92,72428346,67113275.13,82677926.41,79485908.06,75228300.15,69913229.28,85477880.56,82285862.2,78028254.29,72713183.42,88277834.7,85085816.35,80828208.44,75513137.56,91077788.84,87885770.49,83628162.58,78313091.71,93877742.99,90685724.63,86428116.72,95399000
89,JAM,1329699.951,3236634.225,3105786.14,2938691.033,3547618.416,3453315.327,3322467.243,3155372.135,3764299.518,3669996.429,3539148.345,3372053.237,3980980.62,3886677.531,3755829.447,3588734.339,4197661.722,4103358.633,3972510.549,3805415.442,4414342.825,4320039.736,4189191.651,4022096.544,4631023.927,4536720.838,4405872.754,4238777.646,4847705.029,4753401.94,4622553.856,4233000
90,JOR,1240000,4748561.32,4467285.45,4125131.481,5143078.598,4923205.88,4641930.01,4299776.041,5317723.158,5097850.44,4816574.57,4474420.601,5492367.718,5272495,4991219.13,4649065.161,5667012.279,5447139.56,5165863.69,4823709.721,5841656.839,5621784.12,5340508.25,4998354.281,6016301.399,5796428.68,5515152.81,5172998.841,6190945.959,5971073.24,5689797.37,5361000
91,JPN,4115799.805,12391552.4,11876646.57,11229817.69,13715534.93,13333744.47,12818838.63,12172009.76,14657726.99,14275936.53,13761030.7,13114201.82,15599919.05,15218128.6,14703222.76,14056393.89,16542111.12,16160320.66,15645414.83,14998585.95,17484303.18,17102512.73,16587606.89,15940778.02,18426495.25,18044704.79,17529798.96,16882970.08,19368687.31,18986896.86,18471991.02,31881000
92,KAZ,2035000,6288483.121,6176530.94,6014795.003,7134418.311,7072730.307,6960778.126,6799042.189,7918665.498,7856977.493,7745025.312,7583289.375,8702912.684,8641224.679,8529272.499,8367536.561,9487159.87,9425471.866,9313519.685,9151783.748,10271407.06,10209719.05,10097766.87,9936030.934,11055654.24,10993966.24,10882014.06,10720278.12,11839901.43,11778213.42,11666261.24,8515000
93,KEN,2049000,1740211.354,1723666.125,1694595.717,1854131.8,1850189.708,1833644.479,1804574.071,1964110.154,1960168.062,1943622.833,1914552.425,2074088.508,2070146.416,2053601.187,2024530.779,2184066.862,2180124.77,2163579.541,2134509.134,2294045.216,2290103.124,2273557.896,2244487.488,2404023.57,2400081.478,2383536.25,2354465.842,2514001.924,2510059.832,2493514.604,2049000
94,KGZ,8508000,3971576.52,4180483.273,4394186.067,4063462,4267396.654,4476303.407,4690006.202,4359282.134,4563216.789,4772123.541,4985826.336,4655102.268,4859036.923,5067943.676,5281646.47,4950922.402,5154857.057,5363763.81,5577466.604,5246742.537,5450677.191,5659583.944,5873286.739,5542562.671,5746497.326,5955404.078,6169106.873,5838382.805,6042317.46,6251224.213,8508000
95,KHM,1306000,3082070.233,3018103.863,2933140.262,3404323.88,3361563.354,3297596.984,3212633.383,3683817.001,3641056.475,3577090.105,3492126.504,3963310.122,3920549.596,3856583.226,3771619.625,4242803.243,4200042.717,4136076.347,4051112.746,4522296.364,4479535.839,4415569.469,4330605.868,4801789.485,4759028.96,4695062.59,4610098.989,5081282.607,5038522.081,4974555.711,6611000
96,KIR,12000,17787.73044,14041.55966,9300.167867,20536.569,17792.24108,14046.07031,9304.678516,20541.07964,17796.75173,14050.58096,9309.189165,20545.59029,17801.26238,14055.09161,9313.699814,20550.10094,17805.77303,14059.60226,9318.210463,20554.61159,17810.28368,14064.11291,9322.721112,20559.12224,17814.79433,14068.62356,9327.231761,20563.63289,17819.30498,14073.13421,12000
97,KNA,301399.9939,653441.6455,640345.9083,623628.7581,707777.6689,698340.5892,685244.8521,668527.7019,752676.6126,743239.533,730143.7959,713426.6457,797575.5564,788138.4768,775042.7396,758325.5894,842474.5002,833037.4205,819941.6834,803224.5332,887373.4439,877936.3643,864840.6272,848123.4769,932272.3877,922835.3081,909739.5709,893022.4207,977171.3315,967734.2518,954638.5147,1107000
98,KOR,2519000,9675646.203,9466381.472,9186984.547,10395221.6,10256667.85,10047403.12,9768006.192,10976243.25,10837689.49,10628424.76,10349027.84,11557264.89,11418711.14,11209446.41,10930049.48,12138286.54,11999732.78,11790468.05,11511071.13,12719308.18,12580754.43,12371489.7,12092092.77,13300329.83,13161776.07,12952511.34,12673114.42,13881351.47,13742797.72,13533532.99,17503000
99,KWT,2161000,6182789.262,5944982.826,5626629.774,7067134.499,6910552.219,6672745.783,6354392.732,7794897.457,7638315.177,7400508.741,7082155.689,8522660.414,8366078.134,8128271.698,7809918.647,9250423.372,9093841.092,8856034.656,8537681.604,9978186.329,9821604.049,9583797.613,9265444.562,10705949.29,10549367.01,10311560.57,9993207.519,11433712.24,11277129.96,11039323.53,8565000
100,LAO,886400.0244,2618787.799,2583327.325,2531641.499,2854078.401,2834986.785,2799526.31,2747840.484,3070277.386,3051185.77,3015725.295,2964039.469,3286476.371,3267384.755,3231924.28,3180238.454,3502675.356,3483583.74,3448123.265,3396437.439,3718874.341,3699782.725,3664322.25,3612636.424,3935073.326,3915981.71,3880521.236,3828835.409,4151272.311,4132180.695,4096720.221,4791000
101,LBN,1936000,1977984.554,2014269.293,2049018.429,2152881.06,2190728.547,2227013.286,2261762.422,2365625.054,2403472.541,2439757.279,2474506.416,2578369.047,2616216.534,2652501.273,2687250.409,2791113.04,2828960.527,2865245.266,2899994.402,3003857.034,3041704.521,3077989.259,3112738.396,3216601.027,3254448.514,3290733.253,3325482.389,3429345.02,3467192.507,3503477.246,1936000
102,LBY,760000,510480.2545,466600.4712,416764.661,441014.5209,403120.485,359240.7017,309404.8914,333654.7514,295760.7154,251880.9321,202045.1219,226294.9818,188400.9459,144521.1626,94685.35238,118935.2123,81041.17638,37161.39308,-12674.41715,11575.44277,-26318.59315,-70198.37645,-120034.1867,-95784.32676,-133678.3627,-177558.146,-227393.9562,-203144.0963,-241038.1322,-284917.9155,760000
103,LCA,432500,952192.3224,916774.9581,871324.4671,1049170.648,1023870.861,988453.4963,943003.0053,1120849.187,1095549.399,1060132.034,1014681.543,1192527.725,1167227.937,1131810.573,1086360.082,1264206.263,1238906.475,1203489.111,1158038.62,1335884.801,1310585.013,1275167.649,1229717.158,1407563.339,1382263.552,1346846.187,1301395.696,1479241.878,1453942.09,1418524.725,1220000
104,LIE,58400.00153,67440.6401,65111.85159,62047.23413,71446.80616,69858.69122,67529.90271,64465.28525,73864.85728,72276.74234,69947.95384,66883.33637,76282.90841,74694.79347,72366.00496,69301.3875,78700.95953,77112.84459,74784.05608,71719.43862,81119.01065,79530.89571,77202.10721,74137.48974,83537.06178,81948.94684,79620.15833,76555.54087,85955.1129,84366.99796,82038.20945,98099.99847
105,LKA,540000,1134618.438,1095690.907,1046490.821,1238358.946,1209796.16,1170868.629,1121668.542,1313536.667,1284973.881,1246046.35,1196846.264,1388714.389,1360151.602,1321224.071,1272023.985,1463892.11,1435329.323,1396401.792,1347201.706,1539069.831,1510507.045,1471579.514,1422379.427,1614247.552,1585684.766,1546757.235,1497557.149,1689425.273,1660862.487,1621934.956,2027000
106,LSO,1142000,736204.05,749715.0265,761111.8774,765482.194,781109.3266,794620.3031,806017.154,810387.4706,826014.6032,839525.5797,850922.4306,855292.7472,870919.8798,884430.8563,895827.7072,900198.0238,915825.1564,929336.1328,940732.9838,945103.3004,960730.433,974241.4094,985638.2604,990008.577,1005635.71,1019146.686,1030543.537,1034913.854,1050540.986,1064051.963,1142000
107,LTU,2284000,4876443.209,4765318.803,4623457.507,5221481.813,5141372.616,5030248.21,4888386.915,5486411.221,5406302.023,5295177.618,5153316.322,5751340.628,5671231.431,5560107.025,5418245.729,6016270.036,5936160.838,5825036.433,5683175.137,6281199.443,6201090.246,6089965.84,5948104.544,6546128.85,6466019.653,6354895.247,6213033.952,6811058.258,6730949.061,6619824.655,6150000
108,LUX,525000,868330.663,821791.8324,764217.1923,923221.1316,887801.4297,841262.5992,783687.959,942691.8984,907272.1965,860733.3659,803158.7258,962162.6651,926742.9632,880204.1327,822629.4925,981633.4319,946213.73,899674.8994,842100.2593,1001104.199,965684.4967,919145.6662,861571.026,1020574.965,985155.2635,938616.4329,881041.7928,1040045.732,1004626.03,958087.1997,1041000
109,LVA,3204000,6624748.329,6450994.567,6200811.528,7523038.229,7426322.998,7252569.237,7002386.198,8324612.898,8227897.668,8054143.906,7803960.867,9126187.568,9029472.337,8855718.576,8605535.537,9927762.237,9831047.007,9657293.245,9407110.206,10729336.91,10632621.68,10458867.91,10208684.88,11530911.58,11434196.35,11260442.58,11010259.55,12332486.25,12235771.02,12062017.25,8342000
110,MAC,5897000,25302959.29,24296677.44,22987692.77,28217070.38,27516016.49,26509734.64,25200749.97,30430127.58,29729073.7,28722791.85,27413807.18,32643184.79,31942130.91,30935849.05,29626864.39,34856241.99,34155188.11,33148906.26,31839921.59,37069299.2,36368245.32,35361963.46,34052978.8,39282356.4,38581302.52,37575020.67,36266036,41495413.61,40794359.73,39788077.87,39406000
111,MAR,2802000,9307098.024,8960441.648,8511682.358,10416754.81,10173097.33,9826440.952,9377681.662,11282754.12,11039096.63,10692440.26,10243680.97,12148753.42,11905095.94,11558439.56,11109680.27,13014752.73,12771095.24,12424438.87,11975679.58,13880752.03,13637094.55,13290438.17,12841678.88,14746751.34,14503093.85,14156437.47,13707678.18,15612750.64,15369093.16,15022436.78,13109000
112,MCO,159000,286846.115,272850.9506,255679.5301,305946.5772,295153.5147,281158.3502,263986.9297,314253.9768,303460.9143,289465.7498,272294.3294,322561.3765,311768.314,297773.1495,280601.729,330868.7761,320075.7136,306080.5491,288909.1287,339176.1758,328383.1133,314387.9488,297216.5283,347483.5754,336690.5129,322695.3484,305523.9279,355790.975,344997.9125,331002.748,363000
113,MDA,29000,81324.45304,80692.49004,79786.15204,86519.2398,86164.43969,85532.47669,84626.13869,91359.22645,91004.42634,90372.46335,89466.12534,96199.2131,95844.41299,95212.45,94306.11199,101039.1998,100684.3996,100052.4366,99146.09864,105879.1864,105524.3863,104892.4233,103986.0853,110719.1731,110364.3729,109732.41,108826.0719,115559.1597,115204.3596,114572.3966,174000
114,MDG,87099.99847,302607.4046,297305.3918,290105.6008,322702.8373,319313.9184,314011.9056,306812.1146,339409.3512,336020.4322,330718.4194,323518.6284,356115.865,352726.946,347424.9332,340225.1422,372822.3788,369433.4598,364131.447,356931.6561,389528.8926,386139.9736,380837.9609,373638.1699,406235.4064,402846.4874,397544.4747,390344.6837,422941.9202,419553.0013,414250.9885,486000
115,MDV,555000,1129845.139,1072636.167,994576.1713,1302736.531,1266532.314,1209323.342,1131263.346,1439423.705,1403219.488,1346010.516,1267950.52,1576110.88,1539906.663,1482697.691,1404637.695,1712798.054,1676593.837,1619384.865,1541324.869,1849485.229,1813281.012,1756072.04,1678012.044,1986172.404,1949968.187,1892759.214,1814699.219,2122859.578,2086655.361,2029446.389,1703000
116,MEX,51128000,86211599.31,84722473.83,83051099.2,87812142.41,86507411.56,85018286.08,83346911.45,88107954.66,86803223.8,85314098.33,83642723.69,88403766.9,87099036.05,85609910.57,83938535.94,88699579.15,87394848.3,85905722.82,84234348.18,88995391.4,87690660.54,86201535.06,84530160.43,89291203.64,87986472.79,86497347.31,84825972.68,89587015.89,88282285.03,86793159.56,97406000
117,MHL,6099.999905,6320.79378,6543.796227,6820.482678,6192.794105,6361.723919,6584.726366,6861.412817,6233.724244,6402.654058,6625.656505,6902.342956,6274.654383,6443.584198,6666.586645,6943.273095,6315.584522,6484.514337,6707.516784,6984.203235,6356.514662,6525.444476,6748.446923,7025.133374,6397.444801,6566.374615,6789.377062,7066.063513,6438.37494,6607.304755,6830.307202,6099.999905
118,MKD,118000,342411.5861,326680.5551,306531.039,376240.5383,364963.0136,349231.9826,329082.4665,398791.9658,387514.4411,371783.4101,351633.894,421343.3933,410065.8686,394334.8376,374185.3215,443894.8208,432617.2962,416886.2651,396736.749,466446.2483,455168.7237,439437.6927,419288.1765,488997.6758,477720.1512,461989.1202,441839.604,511549.1033,500271.5787,484540.5477,758000
119,MLI,217000,221627.3434,228643.0392,235841.2498,237094.5822,243925.8707,250941.5665,258139.7771,259393.1095,266224.398,273240.0938,280438.3044,281691.6368,288522.9253,295538.6211,302736.8317,303990.1641,310821.4526,317837.1484,325035.359,326288.6914,333119.9799,340135.6757,347333.8863,348587.2187,355418.5072,362434.203,369632.4136,370885.746,377717.0345,384732.7303,217000
120,MLT,718000,1977411.283,1826344.674,1636464.695,2220201.541,2108250.526,1957183.917,1767303.938,2351040.784,2239089.769,2088023.16,1898143.181,2481880.027,2369929.012,2218862.403,2028982.424,2612719.27,2500768.255,2349701.646,2159821.667,2743558.513,2631607.498,2480540.889,2290660.91,2874397.756,2762446.741,2611380.132,2421500.153,3005236.999,2893285.984,2742219.375,3519000
121,MMR,903000,1709063.388,1613921.066,1492052.236,1933496.069,1865299.1,1770156.779,1648287.949,2089731.781,2021534.813,1926392.492,1804523.661,2245967.494,2177770.525,2082628.204,1960759.374,2402203.206,2334006.238,2238863.917,2116995.086,2558438.919,2490241.95,2395099.629,2273230.799,2714674.632,2646477.663,2551335.342,2429466.512,2870910.344,2802713.376,2707571.055,4364000
122,MNE,351000,1068851.43,1041291.86,1003459.933,1177187.678,1159982.813,1132423.243,1094591.316,1268319.061,1251114.196,1223554.626,1185722.698,1359450.443,1342245.578,1314686.008,1276854.081,1450581.826,1433376.961,1405817.391,1367985.463,1541713.208,1524508.343,1496948.773,1459116.846,1632844.591,1615639.726,1588080.156,1550248.229,1723975.974,1706771.109,1679211.539,2510000
123,MNG,66900.00153,418906.5202,406383.8453,390488.5143,458401.2151,449282.9547,436760.2798,420864.9488,488777.6496,479659.3891,467136.7142,451241.3832,519154.084,510035.8236,497513.1487,481617.8177,549530.5185,540412.258,527889.5831,511994.2521,579906.9529,570788.6925,558266.0176,542370.6866,610283.3874,601165.1269,588642.452,572747.121,640659.8218,631541.5614,619018.8865,637000
124,MNP,487000,478112.6379,498250.6122,524640.2101,445100.7813,458942.3648,479080.339,505469.9369,425930.5082,439772.0916,459910.0658,486299.6638,406760.235,420601.8184,440739.7927,467129.3906,387589.9619,401431.5453,421569.5195,447959.1174,368419.6887,382261.2721,402399.2463,428788.8443,349249.4155,363090.9989,383228.9732,409618.5711,330079.1424,343920.7258,364058.7,487000
125,MOZ,2033000,2191116.973,2159531.034,2103067.152,2491489.868,2484970.836,2453384.897,2396921.015,2785343.731,2778824.699,2747238.76,2690774.878,3079197.594,3072678.562,3041092.622,2984628.741,3373051.457,3366532.424,3334946.485,3278482.604,3666905.32,3660386.287,3628800.348,3572336.467,3960759.183,3954240.15,3922654.211,3866190.33,4254613.046,4248094.013,4216508.074,2033000
126,MRT,30000,32812.13432,33670.18294,34685.05004,33024.18857,33724.31969,34582.3683,35597.23541,33936.37393,34636.50505,35494.55366,36509.42077,34848.5593,35548.69042,36406.73903,37421.60614,35760.74466,36460.87578,37318.92439,38333.7915,36672.93003,37373.06115,38231.10976,39245.97687,37585.11539,38285.24651,39143.29512,40158.16223,38497.30076,39197.43188,40055.48049,30000
127,MUS,316000,1044952.706,1010887.331,966697.9732,1149119.071,1125264.039,1091198.664,1047009.307,1229430.404,1205575.372,1171509.997,1127320.64,1309741.737,1285886.706,1251821.331,1207631.973,1390053.071,1366198.039,1332132.664,1287943.306,1470364.404,1446509.372,1412443.997,1368254.64,1550675.737,1526820.706,1492755.331,1448565.973,1630987.071,1607132.039,1573066.664,1418000
128,MWI,871000,987186.3674,991533.5745,989338.9741,1098528.829,1109463.719,1113810.926,1111616.326,1220806.181,1231741.071,1236088.278,1233893.678,1343083.533,1354018.423,1358365.63,1356171.03,1465360.885,1476295.775,1480642.982,1478448.382,1587638.237,1598573.127,1602920.334,1600725.734,1709915.589,1720850.479,1725197.686,1723003.086,1832192.941,1843127.831,1847475.038,871000
129,MYS,4333000,20212891.9,19978973.98,19693193.59,21622539.6,21441250.55,21207332.62,20921552.23,22850898.24,22669609.19,22435691.27,22149910.87,24079256.88,23897967.83,23664049.91,23378269.51,25307615.52,25126326.47,24892408.55,24606628.16,26535974.17,26354685.12,26120767.2,25834986.8,27764332.81,27583043.76,27349125.84,27063345.44,28992691.45,28811402.4,28577484.48,26101000
130,NAM,187100.0061,1131994.383,1106900.213,1075103.972,1218927.345,1200600.738,1175506.569,1143710.327,1287533.7,1269207.094,1244112.924,1212316.682,1356140.055,1337813.449,1312719.279,1280923.037,1424746.41,1406419.804,1381325.634,1349529.392,1493352.765,1475026.159,1449931.989,1418135.747,1561959.12,1543632.514,1518538.344,1486742.103,1630565.476,1612238.869,1587144.699,1651000
131,NCL,31000,97100.63659,92137.41262,86149.90476,102761.7106,98831.26761,93868.04363,87880.53578,104492.3416,100561.8986,95598.67465,89611.1668,106222.9726,102292.5296,97329.30567,91341.79782,107953.6036,104023.1607,99059.93669,93072.42883,109684.2347,105753.7917,100790.5677,94803.05985,111414.8657,107484.4227,102521.1987,96533.69087,113145.4967,109215.0537,104251.8297,130000
132,NER,85000,132953.005,136865.2007,141131.9813,143038.6709,146594.7566,150506.9522,154773.7329,156680.4225,160236.5081,164148.7038,168415.4844,170322.174,173878.2597,177790.4553,182057.236,183963.9256,187520.0112,191432.2069,195698.9875,197605.6772,201161.7628,205073.9584,209340.7391,211247.4287,214803.5143,218715.71,222982.4906,224889.1803,228445.2659,232357.4615,192000
133,NGA,5265000,5823793.362,6000216.945,6179781.999,6225668.047,6398903.012,6575326.595,6754891.649,6800777.697,6974012.662,7150436.245,7330001.299,7375887.347,7549122.312,7725545.895,7905110.949,7950996.997,8124231.962,8300655.545,8480220.598,8526106.647,8699341.612,8875765.194,9055330.248,9101216.297,9274451.262,9450874.844,9630439.898,9676325.947,9849560.912,10025984.49,5265000
134,NIC,474000,1339367.172,1344059.122,1347049.396,1467037.086,1473467.614,1478159.563,1481149.838,1601137.528,1607568.055,1612260.005,1615250.28,1735237.97,1741668.497,1746360.447,1749350.721,1869338.412,1875768.939,1880460.889,1883451.163,2003438.854,2009869.381,2014561.331,2017551.605,2137539.296,2143969.823,2148661.773,2151652.047,2271639.738,2278070.265,2282762.215,1455000
135,NLD,7265000,13100276.87,12179534.1,11009898.87,14812090.18,14142185.51,13221442.73,12051807.5,15853998.81,15184094.14,14263351.37,13093716.13,16895907.45,16226002.77,15305260,14135624.77,17937816.08,17267911.4,16347168.63,15177533.4,18979724.71,18309820.04,17389077.26,16219442.03,20021633.35,19351728.67,18430985.9,17261350.66,21063541.98,20393637.3,19472894.53,20129000
136,NOR,1397000,4361531.892,4146471.489,3880248.651,4744155.501,4580687.566,4365627.164,4099404.326,4963311.175,4799843.241,4584782.838,4318560,5182466.849,5018998.915,4803938.512,4537715.674,5401622.524,5238154.589,5023094.187,4756871.348,5620778.198,5457310.264,5242249.861,4976027.023,5839933.872,5676465.938,5461405.535,5195182.697,6059089.547,5895621.612,5680561.21,5879000
137,NPL,230000,599482.9436,570092.4447,533789.5933,648866.6156,626446.6564,597056.1575,560753.3061,675830.3284,653410.3693,624019.8703,587717.019,702794.0413,680374.0821,650983.5832,614680.7318,729757.7541,707337.795,677947.296,641644.4446,756721.467,734301.5078,704911.0089,668608.1575,783685.1798,761265.2206,731874.7217,695571.8703,810648.8926,788228.9335,758838.4345,1197000
138,NZL,996000,2756364.072,2653376.998,2523148.2,3013937.102,2938427.057,2835439.984,2705211.186,3196000.088,3120490.043,3017502.969,2887274.172,3378063.073,3302553.029,3199565.955,3069337.157,3560126.059,3484616.014,3381628.941,3251400.143,3742189.045,3666679,3563691.926,3433463.129,3924252.03,3848741.986,3745754.912,3615526.114,4106315.016,4030804.971,3927817.898,3888000
139,OMN,869000,1880670.2,1838300.725,1783283.265,1991463.896,1961843.866,1919474.391,1864456.931,2072637.562,2043017.532,2000648.057,1945630.597,2153811.228,2124191.198,2081821.723,2026804.263,2234984.894,2205364.864,2162995.389,2107977.929,2316158.56,2286538.53,2244169.055,2189151.595,2397332.226,2367712.196,2325342.721,2270325.261,2478505.892,2448885.862,2406516.387,3506000
140,PAK,966000,1111094.269,1123255.331,1132341.921,1200045.561,1215303.803,1227464.865,1236551.455,1304255.095,1319513.337,1331674.399,1340760.989,1408464.629,1423722.871,1435883.932,1444970.523,1512674.163,1527932.405,1540093.466,1549180.057,1616883.697,1632141.938,1644303,1653389.591,1721093.231,1736351.472,1748512.534,1757599.125,1825302.765,1840561.006,1852722.068,966000
141,PAN,647000,1948384.471,1917040.22,1872154.465,2159732.263,2142054.234,2110709.984,2065824.228,2353402.027,2335723.998,2304379.747,2259493.992,2547071.79,2529393.761,2498049.511,2453163.756,2740741.554,2723063.525,2691719.275,2646833.519,2934411.317,2916733.288,2885389.038,2840503.283,3128081.081,3110403.052,3079058.802,3034173.046,3321750.845,3304072.816,3272728.565,2494000
142,PER,1119000,3029880.183,2915682.763,2776170.885,3270620.145,3181974.19,3067776.77,2928264.892,3422714.152,3334068.197,3219870.777,3080358.899,3574808.159,3486162.204,3371964.784,3232452.906,3726902.167,3638256.211,3524058.791,3384546.913,3878996.174,3790350.218,3676152.798,3536640.92,4031090.181,3942444.225,3828246.805,3688734.927,4183184.188,4094538.232,3980340.812,5275000
143,PHL,1483000,3879799.24,3698142.228,3470358.671,4242815.613,4107669.613,3926012.601,3698229.044,4470685.986,4335539.986,4153882.974,3926099.417,4698556.36,4563410.359,4381753.347,4153969.79,4926426.733,4791280.732,4609623.72,4381840.163,5154297.106,5019151.105,4837494.093,4609710.537,5382167.479,5247021.478,5065364.466,4837580.91,5610037.852,5474891.851,5293234.839,8261000
144,PLW,18399.99962,94881.46789,93381.17578,91324.18076,99776.62812,98837.15397,97336.86187,95279.86685,103732.3142,102792.8401,101292.548,99235.55294,107688.0003,106748.5262,105248.234,103191.239,111643.6864,110704.2122,109203.9201,107146.9251,115599.3725,114659.8983,113159.6062,111102.6112,119555.0586,118615.5844,117115.2923,115058.2973,123510.7446,122571.2705,121070.9784,94000
145,PNG,39000,136458.7767,127768.1929,117171.2299,146195.7274,139426.8057,130736.2219,120139.2589,149163.7564,142394.8348,133704.251,123107.288,152131.7855,145362.8638,136672.28,126075.317,155099.8145,148330.8928,139640.309,129043.346,158067.8435,151298.9219,142608.3381,132011.3751,161035.8726,154266.9509,145576.3671,134979.4041,164003.9016,157234.98,148544.3962,211000
146,POL,88515000,74155078.92,75029171.25,75995874.66,72491713.5,73271515.85,74145608.18,75112311.59,71608150.43,72387952.78,73262045.11,74228748.52,70724587.36,71504389.72,72378482.04,73345185.45,69841024.29,70620826.65,71494918.98,72461622.38,68957461.22,69737263.58,70611355.91,71578059.31,68073898.15,68853700.51,69727792.84,70694496.24,67190335.08,67970137.44,68844229.77,88515000
147,PRI,3882000,4769161.041,4840677.594,4928198.652,4767031.985,4822424.911,4893941.464,4981462.522,4820295.854,4875688.781,4947205.334,5034726.392,4873559.724,4928952.651,5000469.204,5087990.262,4926823.594,4982216.521,5053733.074,5141254.132,4980087.464,5035480.391,5106996.944,5194518.002,5033351.334,5088744.261,5160260.814,5247781.872,5086615.204,5142008.131,5213524.684,4931000
148,PRT,4208000,9279491.815,8527027.851,7632745.164,9995718.309,9386310.888,8633846.924,7739564.238,10102537.38,9493129.961,8740665.997,7846383.311,10209356.46,9599949.034,8847485.07,7953202.384,10316175.53,9706768.108,8954304.143,8060021.457,10422994.6,9813587.181,9061123.217,8166840.53,10529813.67,9920406.254,9167942.29,8273659.604,10636632.75,10027225.33,9274761.363,17283000
149,PRY,1077000,1535312.49,964609.028,338408.535,924098.1275,409332.2914,-161371.1705,-787571.6635,-201882.071,-716647.9071,-1287351.369,-1913551.862,-1327862.27,-1842628.106,-2413331.568,-3039532.061,-2453842.468,-2968608.304,-3539311.766,-4165512.259,-3579822.667,-4094588.503,-4665291.965,-5291492.458,-4705802.865,-5220568.701,-5791272.163,-6417472.656,-5831783.064,-6346548.9,-6917252.362,4368000
150,PSE,93000,346656.484,334739.552,319571.781,369361.8719,360721.2078,348804.2758,333636.5048,383426.5956,374785.9315,362868.9996,347701.2286,397491.3194,388850.6553,376933.7233,361765.9524,411556.0432,402915.3791,390998.4471,375830.6761,425620.7669,416980.1029,405063.1709,389895.3999,439685.4907,431044.8266,419127.8946,403960.1237,453750.2145,445109.5504,433192.6184,688000
151,PYF,89400.00153,207586.772,194419.6817,178244.2806,221373.14,211237.2659,198070.1755,181894.7744,225023.6339,214887.7597,201720.6694,185545.2683,228674.1277,218538.2535,205371.1632,189195.7621,232324.6216,222188.7474,209021.657,192846.256,235975.1154,225839.2412,212672.1509,196496.7498,239625.6093,229489.7351,216322.6447,200147.2436,243276.1031,233140.2289,219973.1386,300000
152,QAT,582000,1834998.848,1789863.719,1733875.363,1909602.84,1875407.779,1830272.651,1774284.295,1950011.772,1915816.71,1870681.582,1814693.226,1990420.703,1956225.642,1911090.513,1855102.158,2030829.634,1996634.573,1951499.445,1895511.089,2071238.566,2037043.505,1991908.376,1935920.02,2111647.497,2077452.436,2032317.308,1976328.952,2152056.428,2117861.367,2072726.239,2136500
153,ROU,5023000,9241235.149,9065006.935,8804856.357,10021694.32,9929962.962,9753734.748,9493584.17,10710422.14,10618690.78,10442462.56,10182311.98,11399149.95,11307418.59,11131190.37,10871039.8,12087877.76,11996146.4,11819918.19,11559767.61,12776605.58,12684874.21,12508646,12248495.42,13465333.39,13373602.03,13197373.81,12937223.23,14154061.2,14062329.84,13886101.63,12815000
154,RUS,6359000,23774427.97,23313635.78,22734938.1,25375823.23,25034115.69,24573323.5,23994625.82,26635510.95,26293803.41,25833011.22,25254313.53,27895198.67,27553491.13,27092698.94,26514001.25,29154886.39,28813178.85,28352386.65,27773688.97,30414574.11,30072866.57,29612074.37,29033376.69,31674261.83,31332554.28,30871762.09,30293064.41,32933949.54,32592242,32131449.81,24419000
155,RWA,1634000,1910024.173,1996185.933,2081724.512,2183562.425,2270349.004,2356510.764,2442049.343,2543887.256,2630673.836,2716835.596,2802374.175,2904212.088,2990998.667,3077160.427,3162699.006,3264536.919,3351323.498,3437485.259,3523023.838,3624861.751,3711648.33,3797810.09,3883348.669,3985186.582,4071973.161,4158134.921,4243673.5,4345511.413,4432297.993,4518459.753,1634000
156,SAU,20292000,24144718.06,25777619.61,27624157.76,24887771.43,26305246.57,27938148.12,29784686.26,27048299.94,28465775.08,30098676.63,31945214.77,29208828.45,30626303.59,32259205.14,34105743.28,31369356.96,32786832.09,34419733.64,36266271.79,33529885.47,34947360.6,36580262.15,38426800.3,35690413.98,37107889.11,38740790.66,40587328.81,37850942.48,39268417.62,40901319.17,20292000
157,SDN,836000,577378.2867,595739.5519,614277.5687,606103.9037,624280.1886,642641.4538,661179.4707,653005.8056,671182.0906,689543.3558,708081.3726,699907.7076,718083.9925,736445.2578,754983.2746,746809.6095,764985.8945,783347.1597,801885.1766,793711.5115,811887.7964,830249.0617,848787.0785,840613.4135,858789.6984,877150.9636,895688.9805,887515.3154,905691.6003,924052.8656,836000
158,SEN,1376000,1491733.164,1563314.34,1642376.819,1604720.581,1668772.759,1740353.935,1819416.413,1781760.175,1845812.354,1917393.529,1996456.008,1958799.77,2022851.948,2094433.124,2173495.603,2135839.365,2199891.543,2271472.719,2350535.198,2312878.96,2376931.138,2448512.313,2527574.792,2489918.554,2553970.733,2625551.908,2704614.387,2666958.149,2731010.327,2802591.503,1376000
159,SGP,2742000,11408874.8,10992170.73,10489327.2,12224886.05,11895149.97,11478445.91,10975602.37,12711161.22,12381425.15,11964721.08,11461877.54,13197436.4,12867700.32,12450996.25,11948152.72,13683711.57,13353975.49,12937271.43,12434427.89,14169986.74,13840250.67,13423546.6,12920703.06,14656261.92,14326525.84,13909821.77,13406978.24,15142537.09,14812801.01,14396096.95,19116000
160,SLB,4400.000095,15323.45042,14414.6992,13375.66906,16666.23387,15889.30786,14980.55664,13941.5265,17232.09131,16455.1653,15546.41408,14507.38394,17797.94875,17021.02274,16112.27152,15073.24138,18363.80619,17586.88018,16678.12896,15639.09882,18929.66363,18152.73762,17243.9864,16204.95626,19495.52107,18718.59506,17809.84384,16770.8137,20061.37851,19284.4525,18375.70128,28899.99962
161,SLE,71000,73303.64568,76834.98306,81391.51937,70274.64234,72774.06057,76305.39794,80861.93426,69745.05722,72244.47546,75775.81283,80332.34915,69215.47211,71714.89035,75246.22772,79802.76404,68685.887,71185.30524,74716.64261,79273.17893,68156.30189,70655.72012,74187.0575,78743.59381,67626.71678,70126.13501,73657.47239,78214.0087,67097.13166,69596.5499,73127.88727,71000
162,SLV,707000,1751530.083,1675761.075,1577620.624,1940215.431,1886997.366,1811228.358,1713087.907,2075682.714,2022464.65,1946695.641,1848555.19,2211149.997,2157931.933,2082162.925,1984022.474,2346617.28,2293399.216,2217630.208,2119489.757,2482084.564,2428866.5,2353097.491,2254957.04,2617551.847,2564333.783,2488564.774,2390424.323,2753019.13,2699801.066,2624032.058,2639000
163,SMR,1904000,1496679.226,1415884.69,1327490.547,1308073.239,1234909.484,1154114.947,1065720.805,1046303.496,973139.7416,892345.2051,803951.0628,784533.7541,711369.9994,630575.4629,542181.3206,522764.0119,449600.2572,368805.7207,280411.5784,260994.2697,187830.515,107035.9785,18641.83619,-775.4724775,-73939.22717,-154733.7637,-243127.906,-262545.2147,-335708.9694,-416503.5059,1904000
164,SRB,446000,816352.8989,781963.4683,738183.3471,894455.1086,869533.6738,835144.2432,791364.122,947635.8834,922714.4487,888325.018,844544.8968,1000816.658,975895.2235,941505.7929,897725.6717,1053997.433,1029075.998,994686.5678,950906.4466,1107178.208,1082256.773,1047867.343,1004087.221,1160358.983,1135437.548,1101048.118,1057267.996,1213539.758,1188618.323,1154228.892,1847000
165,STP,33400.00153,23149.15673,24423.91764,25866.55138,23405.14584,24510.53808,25785.29899,27227.93274,24766.52719,25871.91943,27146.68034,28589.31409,26127.90854,27233.30078,28508.06169,29950.69544,27489.28989,28594.68213,29869.44304,31312.07679,28850.67125,29956.06348,31230.82439,32673.45814,30212.0526,31317.44483,32592.20574,34034.83949,31573.43395,32678.82619,33953.5871,33400.00153
166,SUR,279000,314675.895,324574.4461,334470.176,345660.4944,355563.2481,365461.7993,375357.5291,386547.8475,396450.6013,406349.1524,416244.8822,427435.2006,437337.9544,447236.5055,457132.2354,468322.5538,478225.3075,488123.8586,498019.5885,509209.9069,519112.6606,529011.2117,538906.9416,550097.26,560000.0137,569898.5649,579794.2947,590984.6131,600887.3669,610785.918,279000
167,SVK,15299000,16181094.55,16798388.4,17503451.81,16407020.3,16935763.11,17553056.96,18258120.37,17161688.86,17690431.67,18307725.52,19012788.93,17916357.42,18445100.23,19062394.08,19767457.49,18671025.98,19199768.79,19817062.64,20522126.05,19425694.54,19954437.35,20571731.2,21276794.61,20180363.1,20709105.91,21326399.76,22031463.17,20935031.66,21463774.47,22081068.32,15299000
168,SVN,1216000,2848829.832,2735647.743,2584385.074,3247954.317,3173167.489,3059985.4,2908722.732,3572291.975,3497505.147,3384323.057,3233060.389,3896629.632,3821842.804,3708660.715,3557398.047,4220967.29,4146180.461,4032998.372,3881735.704,4545304.947,4470518.119,4357336.03,4206073.361,4869642.604,4794855.776,4681673.687,4530411.019,5193980.262,5119193.434,5006011.344,4702000
169,SWE,1957000,6594150.88,6580859.594,6551827.795,6983554.724,6986168.953,6972877.667,6943845.868,7375572.797,7378187.026,7364895.74,7335863.941,7767590.869,7770205.098,7756913.813,7727882.013,8159608.942,8162223.171,8148931.886,8119900.086,8551627.015,8554241.244,8540949.958,8511918.159,8943645.088,8946259.317,8932968.031,8903936.232,9335663.161,9338277.39,9324986.104,7616000
170,SWZ,345299.9878,1045136.345,964060.7224,870842.6138,1103066.276,1034248.896,953173.2734,859955.1648,1092178.827,1023361.447,942285.8244,849067.7158,1081291.378,1012473.998,931398.3754,838180.2668,1070403.929,1001586.549,920510.9264,827292.8178,1059516.48,990699.1004,909623.4774,816405.3687,1048629.031,979811.6514,898736.0284,805517.9197,1037741.582,968924.2024,887848.5793,1226000
171,SXM,1952000,2252680.356,2265633.405,2271103.212,2384582.345,2405065.863,2418018.912,2423488.719,2536967.852,2557451.37,2570404.419,2575874.226,2689353.359,2709836.877,2722789.927,2728259.733,2841738.866,2862222.385,2875175.434,2880645.24,2994124.373,3014607.892,3027560.941,3033030.748,3146509.881,3166993.399,3179946.448,3185416.255,3298895.388,3319378.906,3332331.955,1952000
172,SYC,124500,218430.4512,210289.1303,200112.1109,234616.0136,228527.4188,220386.0979,210209.0785,244712.9812,238624.3864,230483.0655,220306.0461,254809.9488,248721.354,240580.0331,230403.0137,264906.9164,258818.3216,250677.0007,240499.9813,275003.884,268915.2892,260773.9683,250596.9489,285100.8516,279012.2568,270870.9359,260693.9165,295197.8192,289109.2244,280967.9035,428000
173,SYR,2424000,3487554.951,3309532.012,3094559.558,3754418.804,3613681.886,3435658.948,3220686.494,3880545.74,3739808.822,3561785.883,3346813.429,4006672.675,3865935.758,3687912.819,3472940.365,4132799.611,3992062.693,3814039.754,3599067.3,4258926.547,4118189.629,3940166.69,3725194.236,4385053.482,4244316.564,4066293.625,3851321.172,4511180.418,4370443.5,4192420.561,2424000
174,TCA,370399.9939,868928.1692,787891.3991,688529.9452,955050.0285,892481.2456,811444.4755,712083.0216,978603.1049,916034.322,834997.5519,735636.0979,1002156.181,939587.3983,858550.6283,759189.1743,1025709.258,963140.4747,882103.7046,782742.2507,1049262.334,986693.5511,905656.781,806295.3271,1072815.41,1010246.627,929209.8574,829848.4034,1096368.487,1033799.704,952762.9337,1599000
175,TCD,10399.99962,65735.76663,63715.99002,61227.30694,71896.63991,70350.58187,68330.80527,65842.12218,76511.45515,74965.39712,72945.62051,70456.93742,81126.27039,79580.21236,77560.43576,75071.75267,85741.08564,84195.0276,82175.251,79686.56791,90355.90088,88809.84285,86790.06625,84301.38316,94970.71613,93424.65809,91404.88149,88916.1984,99585.53137,98039.47334,96019.69674,81000
176,TGO,482000,287648.7729,282750.5706,275209.6675,312679.3789,310441.9609,305543.7586,298002.8556,335472.5669,333235.149,328336.9467,320796.0437,358265.755,356028.3371,351130.1348,343589.2318,381058.9431,378821.5252,373923.3229,366382.4198,403852.1312,401614.7132,396716.5109,389175.6079,426645.3192,424407.9013,419509.699,411968.796,449438.5073,447201.0894,442302.8871,876000
177,THA,39916000,44853057.83,47069325.47,49296318.34,51270141.56,53475418.35,55691685.99,57918678.87,59892502.09,62097778.88,64314046.52,66541039.4,68514862.62,70720139.41,72936407.05,75163399.92,77137223.14,79342499.93,81558767.57,83785760.45,85759583.67,87964860.46,90181128.1,92408120.98,94381944.2,96587220.99,98803488.63,101030481.5,103004304.7,105209581.5,107425849.2,39916000
178,TJK,1035000,470132.2235,480538.4097,486981.0832,494004.6081,508382.0503,518788.2365,525230.9099,532254.4349,546631.8771,557038.0633,563480.7367,570504.2617,584881.7039,595287.8901,601730.5635,608754.0885,623131.5307,633537.7169,639980.3903,647003.9152,661381.3575,671787.5437,678230.2171,685253.742,699631.1843,710037.3704,716480.0439,723503.5688,737881.011,748287.1972,1035000
179,TKM,380000,418510.4358,423225.58,428228.0144,432179.5527,436606.4463,441321.5905,446324.0249,450275.5632,454702.4568,459417.601,464420.0354,468371.5737,472798.4673,477513.6115,482516.0459,486467.5842,490894.4778,495609.622,500612.0564,504563.5947,508990.4883,513705.6325,518708.0669,522659.6052,527086.4988,531801.643,536804.0774,540755.6157,545182.5093,549897.6535,380000
180,TLS,74800.00305,52100.05716,54176.00102,56544.34163,53583.45714,55364.83482,57440.77868,59809.1193,56848.2348,58629.61248,60705.55634,63073.89696,60113.01247,61894.39015,63970.33401,66338.67462,63377.79013,65159.16781,67235.11167,69603.45228,66642.56779,68423.94547,70499.88933,72868.22995,69907.34545,71688.72313,73764.66699,76133.00761,73172.12312,74953.5008,77029.44466,74800.00305
181,TON,94000,93122.03886,96022.78904,99005.99314,99121.19736,101937.8665,104838.6166,107821.8207,107937.025,110753.6941,113654.4442,116637.6483,116752.8526,119569.5216,122470.2718,125453.4759,125568.6802,128385.3492,131286.0994,134269.3035,134384.5078,137201.1768,140101.927,143085.1311,143200.3354,146017.0044,148917.7546,151900.9587,152016.1629,154832.832,157733.5822,94000
182,TTO,141000,464482.3231,457199.5497,448434.0635,487441.7905,481658.4879,474375.7145,465610.2283,504617.9553,498834.6527,491551.8793,482786.3931,521794.1201,516010.8174,508728.044,499962.5578,538970.2848,533186.9822,525904.2088,517138.7226,556146.4496,550363.147,543080.3736,534314.8874,573322.6144,567539.3117,560256.5383,551491.0522,590498.7792,584715.4765,577432.7031,480000
183,TUN,2012000,5765731.757,5436230.285,5052286.834,6254707.082,5980229.496,5650728.024,5266784.573,6469204.821,6194727.234,5865225.763,5481282.311,6683702.559,6409224.973,6079723.501,5695780.05,6898200.298,6623722.711,6294221.24,5910277.789,7112698.037,6838220.45,6508718.978,6124775.527,7327195.775,7052718.189,6723216.717,6339273.266,7541693.514,7267215.927,6937714.456,9429000
184,TUR,15971000,35623463.07,34227193.09,32368477.56,40594794.57,39664844.73,38268574.74,36409859.21,44636176.23,43706226.38,42309956.4,40451240.87,48677557.89,47747608.04,46351338.06,44492622.53,52718939.54,51788989.7,50392719.71,48534004.18,56760321.2,55830371.35,54434101.37,52575385.84,60801702.86,59871753.01,58475483.03,56616767.49,64843084.51,63913134.67,62516864.68,51747000
185,TUV,3599.999905,2564.269795,2636.079457,2701.889132,2717.053545,2794.85698,2866.666642,2932.476318,2947.64073,3025.444166,3097.253827,3163.063503,3178.227915,3256.031351,3327.841013,3393.650689,3408.815101,3486.618537,3558.428198,3624.237874,3639.402286,3717.205722,3789.015384,3854.825059,3869.989472,3947.792907,4019.602569,4085.412245,4100.576657,4178.380093,4250.189754,3599.999905
186,TZA,1527000,1606176.176,1649598.967,1687971.552,1796520.525,1845025.677,1888448.467,1926821.053,2035370.025,2083875.177,2127297.967,2165670.553,2274219.525,2322724.677,2366147.467,2404520.053,2513069.025,2561574.178,2604996.968,2643369.554,2751918.526,2800423.678,2843846.468,2882219.054,2990768.026,3039273.178,3082695.968,3121068.554,3229617.526,3278122.678,3321545.469,1527000
187,UGA,473000,953514.9351,954843.238,952835.1306,1021515.87,1026208.26,1027536.563,1025528.456,1094209.195,1098901.585,1100229.888,1098221.781,1166902.52,1171594.91,1172923.213,1170915.106,1239595.846,1244288.236,1245616.539,1243608.431,1312289.171,1316981.561,1318309.864,1316301.756,1384982.496,1389674.886,1391003.189,1388995.081,1457675.821,1462368.211,1463696.514,1543000
188,UKR,3382000,18255325.65,18516726.25,18863309.23,19135730.25,19311760.33,19573160.92,19919743.9,20192164.92,20368195,20629595.59,20976178.57,21248599.6,21424629.67,21686030.26,22032613.24,22305034.27,22481064.35,22742464.94,23089047.92,23361468.94,23537499.02,23798899.61,24145482.59,24417903.61,24593933.69,24855334.28,25201917.26,25474338.29,25650368.36,25911768.95,13710000
189,URY,3480000,4158054.174,4412340.364,4707039.825,4379751.946,4593357.225,4847643.415,5142342.877,4815054.997,5028660.276,5282946.466,5577645.928,5250358.048,5463963.327,5718249.518,6012948.979,5685661.099,5899266.379,6153552.569,6448252.03,6120964.15,6334569.43,6588855.62,6883555.081,6556267.201,6769872.481,7024158.671,7318858.132,6991570.253,7205175.532,7459461.722,3480000
190,USA,45037000,134410935.1,130854537.2,126456102.4,142808069.3,140101537,136545139.2,132146704.3,148498671.2,145792138.9,142235741.1,137837306.3,154189273.2,151482740.9,147926343,143527908.2,159879875.1,157173342.8,153616945,149218510.2,165570477.1,162863944.8,159307546.9,154909112.1,171261079,168554546.7,164998148.9,160599714,176951680.9,174245148.7,170688750.8,165478000
191,UZB,6749000,2602096.976,2707059.565,2806334.838,2696355.631,2806952.899,2911915.488,3011190.761,2901211.554,3011808.822,3116771.411,3216046.684,3106067.477,3216664.745,3321627.334,3420902.607,3310923.4,3421520.668,3526483.257,3625758.53,3515779.323,3626376.591,3731339.18,3830614.453,3720635.246,3831232.514,3936195.103,4035470.376,3925491.169,4036088.437,4141051.025,6749000
192,VCT,392000,272788.1139,271930.5209,270180.3968,277559.1966,277598.2008,276740.6077,274990.4836,282369.2834,282408.2876,281550.6945,279800.5705,287179.3703,287218.3745,286360.7814,284610.6573,291989.4571,292028.4613,291170.8682,289420.7441,296799.5439,296838.5481,295980.9551,294230.831,301609.6308,301648.635,300791.0419,299040.9178,306419.7176,306458.7218,305601.1287,392000
193,VEN,429000,666391.9429,672073.9912,682231.8105,647338.1388,648521.3324,654203.3807,664361.2,629467.5283,630650.7219,636332.7702,646490.5894,611596.9178,612780.1113,618462.1597,628619.9789,593726.3072,594909.5008,600591.5491,610749.3684,575855.6967,577038.8903,582720.9386,592878.7579,557985.0862,559168.2798,564850.3281,575008.1473,540114.4756,541297.6692,546979.7175,429000
194,VGB,83000,310712.0314,307244.1759,303038.3701,322047.8562,319325.7943,315857.9388,311652.1329,330661.619,327939.5571,324471.7016,320265.8958,339275.3819,336553.32,333085.4645,328879.6587,347889.1447,345167.0828,341699.2273,337493.4215,356502.9076,353780.8457,350312.9902,346107.1844,365116.6705,362394.6086,358926.7531,354720.9472,373730.4333,371008.3714,367540.5159,302399.9939
195,VIR,8612000,3868911.191,4389215.443,5001074.467,3544278.098,3972234.921,4492539.173,5104398.197,3647601.828,4075558.651,4595862.903,5207721.927,3750925.558,4178882.381,4699186.633,5311045.657,3854249.288,4282206.111,4802510.363,5414369.387,3957573.018,4385529.841,4905834.093,5517693.117,4060896.748,4488853.571,5009157.823,5621016.847,4164220.478,4592177.301,5112481.553,2074000
196,VNM,3837000,8340931.854,7928603.363,7376340.059,9720413.043,9449148.191,9036819.701,8484556.396,10828629.38,10557364.53,10145036.04,9592772.734,11936845.72,11665580.87,11253252.38,10700989.07,13045062.06,12773797.2,12361468.71,11809205.41,14153278.39,13882013.54,13469685.05,12917421.75,15261494.73,14990229.88,14577901.39,14025638.09,16369711.07,16098446.22,15686117.73,18009000
197,VUT,82400.00153,227796.3967,228806.9416,230167.1349,240976.7939,241640.0167,242650.5616,244010.7549,254820.4139,255483.6368,256494.1816,257854.375,268664.034,269327.2568,270337.8016,271697.995,282507.654,283170.8768,284181.4217,285541.615,296351.274,297014.4968,298025.0417,299385.235,310194.894,310858.1169,311868.6617,313228.8551,324038.514,324701.7369,325712.2817,256000
198,WSM,23899.99962,110022.5153,100020.2145,87979.54148,119068.3084,111120.9427,101118.6419,89077.96886,120166.7358,112219.3701,102217.0693,90176.39625,121265.1632,113317.7975,103315.4966,91274.82364,122363.5906,114416.2249,104413.924,92373.25102,123462.018,115514.6523,105512.3514,93471.67841,124560.4454,116613.0797,106610.7788,94570.10579,125658.8728,117711.507,107709.2062,181000
199,YEM,398000,792959.5855,775637.3564,758873.7372,792739.0634,774871.7454,757549.5162,740785.8971,774651.2233,756783.9052,739461.6761,722698.0569,756563.3832,738696.0651,721373.836,704610.2168,738475.543,720608.225,703285.9958,686522.3767,720387.7029,702520.3848,685198.1557,668434.5365,702299.8628,684432.5447,667110.3155,650346.6964,684212.0226,666344.7046,649022.4754,398000
200,ZAF,3886600.098,10842230.37,10589364.65,10268617.71,11681245.93,11496910.01,11244044.28,10923297.35,12335925.56,12151589.65,11898723.92,11577976.99,12990605.2,12806269.29,12553403.56,12232656.62,13645284.84,13460948.92,13208083.2,12887336.26,14299964.48,14115628.56,13862762.84,13542015.9,14954644.12,14770308.2,14517442.48,14196695.54,15609323.75,15424987.84,15172122.11,14797000
201,ZMB,502000,977222.1823,935460.15,878973.2796,1118949.413,1092028.218,1050266.186,993779.3153,1233755.448,1206834.254,1165072.221,1108585.351,1348561.484,1321640.289,1279878.257,1223391.387,1463367.52,1436446.325,1394684.293,1338197.422,1578173.555,1551252.361,1509490.328,1453003.458,1692979.591,1666058.396,1624296.364,1567809.494,1807785.627,1780864.432,1739102.4,1266000
202,ZWE,639000,1780770.886,1581693.243,1335330.659,1989756.409,1838321.386,1639243.742,1392881.159,2047306.908,1895871.885,1696794.242,1450431.658,2104857.408,1953422.385,1754344.741,1507982.158,2162407.907,2010972.884,1811895.24,1565532.657,2219958.406,2068523.383,1869445.74,1623083.156,2277508.906,2126073.883,1926996.239,1680633.656,2335059.405,2183624.382,1984546.739,2294000
